report_date,geoid,short_name,full_name,confirmed,confirmed_rate,new_confirmed,confirmed_avg,deaths,mortality_rate,new_deaths,deaths_avg,case_fatality_rate
2020-01-24,16020,Cape Girardeau,"Cape Girardeau, MO-IL Metro Area",0,0,0,0,0,0,0,0,NaN
2020-01-25,16020,Cape Girardeau,"Cape Girardeau, MO-IL Metro Area",0,0,0,0,0,0,0,0,NaN
2020-01-26,16020,Cape Girardeau,"Cape Girardeau, MO-IL Metro Area",0,0,0,0,0,0,0,0,NaN
2020-01-27,16020,Cape Girardeau,"Cape Girardeau, MO-IL Metro Area",0,0,0,0,0,0,0,0,NaN
2020-01-28,16020,Cape Girardeau,"Cape Girardeau, MO-IL Metro Area",0,0,0,0,0,0,0,0,NaN
2020-01-29,16020,Cape Girardeau,"Cape Girardeau, MO-IL Metro Area",0,0,0,0,0,0,0,0,NaN
2020-01-30,16020,Cape Girardeau,"Cape Girardeau, MO-IL Metro Area",0,0,0,0,0,0,0,0,NaN
2020-01-31,16020,Cape Girardeau,"Cape Girardeau, MO-IL Metro Area",0,0,0,0,0,0,0,0,NaN
2020-02-01,16020,Cape Girardeau,"Cape Girardeau, MO-IL Metro Area",0,0,0,0,0,0,0,0,NaN
2020-02-02,16020,Cape Girardeau,"Cape Girardeau, MO-IL Metro Area",0,0,0,0,0,0,0,0,NaN
2020-02-03,16020,Cape Girardeau,"Cape Girardeau, MO-IL Metro Area",0,0,0,0,0,0,0,0,NaN
2020-02-04,16020,Cape Girardeau,"Cape Girardeau, MO-IL Metro Area",0,0,0,0,0,0,0,0,NaN
2020-02-05,16020,Cape Girardeau,"Cape Girardeau, MO-IL Metro Area",0,0,0,0,0,0,0,0,NaN
2020-02-06,16020,Cape Girardeau,"Cape Girardeau, MO-IL Metro Area",0,0,0,0,0,0,0,0,NaN
2020-02-07,16020,Cape Girardeau,"Cape Girardeau, MO-IL Metro Area",0,0,0,0,0,0,0,0,NaN
2020-02-08,16020,Cape Girardeau,"Cape Girardeau, MO-IL Metro Area",0,0,0,0,0,0,0,0,NaN
2020-02-09,16020,Cape Girardeau,"Cape Girardeau, MO-IL Metro Area",0,0,0,0,0,0,0,0,NaN
2020-02-10,16020,Cape Girardeau,"Cape Girardeau, MO-IL Metro Area",0,0,0,0,0,0,0,0,NaN
2020-02-11,16020,Cape Girardeau,"Cape Girardeau, MO-IL Metro Area",0,0,0,0,0,0,0,0,NaN
2020-02-12,16020,Cape Girardeau,"Cape Girardeau, MO-IL Metro Area",0,0,0,0,0,0,0,0,NaN
2020-02-13,16020,Cape Girardeau,"Cape Girardeau, MO-IL Metro Area",0,0,0,0,0,0,0,0,NaN
2020-02-14,16020,Cape Girardeau,"Cape Girardeau, MO-IL Metro Area",0,0,0,0,0,0,0,0,NaN
2020-02-15,16020,Cape Girardeau,"Cape Girardeau, MO-IL Metro Area",0,0,0,0,0,0,0,0,NaN
2020-02-16,16020,Cape Girardeau,"Cape Girardeau, MO-IL Metro Area",0,0,0,0,0,0,0,0,NaN
2020-02-17,16020,Cape Girardeau,"Cape Girardeau, MO-IL Metro Area",0,0,0,0,0,0,0,0,NaN
2020-02-18,16020,Cape Girardeau,"Cape Girardeau, MO-IL Metro Area",0,0,0,0,0,0,0,0,NaN
2020-02-19,16020,Cape Girardeau,"Cape Girardeau, MO-IL Metro Area",0,0,0,0,0,0,0,0,NaN
2020-02-20,16020,Cape Girardeau,"Cape Girardeau, MO-IL Metro Area",0,0,0,0,0,0,0,0,NaN
2020-02-21,16020,Cape Girardeau,"Cape Girardeau, MO-IL Metro Area",0,0,0,0,0,0,0,0,NaN
2020-02-22,16020,Cape Girardeau,"Cape Girardeau, MO-IL Metro Area",0,0,0,0,0,0,0,0,NaN
2020-02-23,16020,Cape Girardeau,"Cape Girardeau, MO-IL Metro Area",0,0,0,0,0,0,0,0,NaN
2020-02-24,16020,Cape Girardeau,"Cape Girardeau, MO-IL Metro Area",0,0,0,0,0,0,0,0,NaN
2020-02-25,16020,Cape Girardeau,"Cape Girardeau, MO-IL Metro Area",0,0,0,0,0,0,0,0,NaN
2020-02-26,16020,Cape Girardeau,"Cape Girardeau, MO-IL Metro Area",0,0,0,0,0,0,0,0,NaN
2020-02-27,16020,Cape Girardeau,"Cape Girardeau, MO-IL Metro Area",0,0,0,0,0,0,0,0,NaN
2020-02-28,16020,Cape Girardeau,"Cape Girardeau, MO-IL Metro Area",0,0,0,0,0,0,0,0,NaN
2020-02-29,16020,Cape Girardeau,"Cape Girardeau, MO-IL Metro Area",0,0,0,0,0,0,0,0,NaN
2020-03-01,16020,Cape Girardeau,"Cape Girardeau, MO-IL Metro Area",0,0,0,0,0,0,0,0,NaN
2020-03-02,16020,Cape Girardeau,"Cape Girardeau, MO-IL Metro Area",0,0,0,0,0,0,0,0,NaN
2020-03-03,16020,Cape Girardeau,"Cape Girardeau, MO-IL Metro Area",0,0,0,0,0,0,0,0,NaN
2020-03-04,16020,Cape Girardeau,"Cape Girardeau, MO-IL Metro Area",0,0,0,0,0,0,0,0,NaN
2020-03-05,16020,Cape Girardeau,"Cape Girardeau, MO-IL Metro Area",0,0,0,0,0,0,0,0,NaN
2020-03-06,16020,Cape Girardeau,"Cape Girardeau, MO-IL Metro Area",0,0,0,0,0,0,0,0,NaN
2020-03-07,16020,Cape Girardeau,"Cape Girardeau, MO-IL Metro Area",0,0,0,0,0,0,0,0,NaN
2020-03-08,16020,Cape Girardeau,"Cape Girardeau, MO-IL Metro Area",0,0,0,0,0,0,0,0,NaN
2020-03-09,16020,Cape Girardeau,"Cape Girardeau, MO-IL Metro Area",0,0,0,0,0,0,0,0,NaN
2020-03-10,16020,Cape Girardeau,"Cape Girardeau, MO-IL Metro Area",0,0,0,0,0,0,0,0,NaN
2020-03-11,16020,Cape Girardeau,"Cape Girardeau, MO-IL Metro Area",0,0,0,0,0,0,0,0,NaN
2020-03-12,16020,Cape Girardeau,"Cape Girardeau, MO-IL Metro Area",0,0,0,0,0,0,0,0,NaN
2020-03-13,16020,Cape Girardeau,"Cape Girardeau, MO-IL Metro Area",0,0,0,0,0,0,0,0,NaN
2020-03-14,16020,Cape Girardeau,"Cape Girardeau, MO-IL Metro Area",0,0,0,0,0,0,0,0,NaN
2020-03-15,16020,Cape Girardeau,"Cape Girardeau, MO-IL Metro Area",0,0,0,0,0,0,0,0,NaN
2020-03-16,16020,Cape Girardeau,"Cape Girardeau, MO-IL Metro Area",0,0,0,0,0,0,0,0,NaN
2020-03-17,16020,Cape Girardeau,"Cape Girardeau, MO-IL Metro Area",0,0,0,0,0,0,0,0,NaN
2020-03-18,16020,Cape Girardeau,"Cape Girardeau, MO-IL Metro Area",0,0,0,0,0,0,0,0,NaN
2020-03-19,16020,Cape Girardeau,"Cape Girardeau, MO-IL Metro Area",0,0,0,0,0,0,0,0,NaN
2020-03-20,16020,Cape Girardeau,"Cape Girardeau, MO-IL Metro Area",0,0,0,0,0,0,0,0,NaN
2020-03-21,16020,Cape Girardeau,"Cape Girardeau, MO-IL Metro Area",0,0,0,0,0,0,0,0,NaN
2020-03-22,16020,Cape Girardeau,"Cape Girardeau, MO-IL Metro Area",0,0,0,0,0,0,0,0,NaN
2020-03-23,16020,Cape Girardeau,"Cape Girardeau, MO-IL Metro Area",0,0,0,0,0,0,0,0,NaN
2020-03-24,16020,Cape Girardeau,"Cape Girardeau, MO-IL Metro Area",1,0.0102947383592246,1,0.14285714285714285,0,0,0,0,0
2020-03-25,16020,Cape Girardeau,"Cape Girardeau, MO-IL Metro Area",3,0.0308842150776738,2,0.42857142857142855,0,0,0,0,0
2020-03-26,16020,Cape Girardeau,"Cape Girardeau, MO-IL Metro Area",7,0.0720631685145722,4,1,0,0,0,0,0
2020-03-27,16020,Cape Girardeau,"Cape Girardeau, MO-IL Metro Area",7,0.0720631685145722,0,1,0,0,0,0,0
2020-03-28,16020,Cape Girardeau,"Cape Girardeau, MO-IL Metro Area",7,0.0720631685145722,0,1,0,0,0,0,0
2020-03-29,16020,Cape Girardeau,"Cape Girardeau, MO-IL Metro Area",7,0.0720631685145722,0,1,0,0,0,0,0
2020-03-30,16020,Cape Girardeau,"Cape Girardeau, MO-IL Metro Area",14,0.1441263370291444,7,2,0,0,0,0,0
2020-03-31,16020,Cape Girardeau,"Cape Girardeau, MO-IL Metro Area",16,0.1647158137475936,2,2.142857142857143,0,0,0,0,0
2020-04-01,16020,Cape Girardeau,"Cape Girardeau, MO-IL Metro Area",16,0.1647158137475936,0,1.8571428571428572,0,0,0,0,0
2020-04-02,16020,Cape Girardeau,"Cape Girardeau, MO-IL Metro Area",16,0.1647158137475936,0,1.2857142857142858,0,0,0,0,0
2020-04-03,16020,Cape Girardeau,"Cape Girardeau, MO-IL Metro Area",16,0.1647158137475936,0,1.2857142857142858,0,0,0,0,0
2020-04-04,16020,Cape Girardeau,"Cape Girardeau, MO-IL Metro Area",17,0.1750105521068182,1,1.4285714285714286,0,0,0,0,0
2020-04-05,16020,Cape Girardeau,"Cape Girardeau, MO-IL Metro Area",18,0.1853052904660428,1,1.5714285714285714,0,0,0,0,0
2020-04-06,16020,Cape Girardeau,"Cape Girardeau, MO-IL Metro Area",21,0.2161895055437166,3,1,0,0,0,0,0
2020-04-07,16020,Cape Girardeau,"Cape Girardeau, MO-IL Metro Area",22,0.22648424390294122,1,0.8571428571428571,1,0.0102947383592246,1,0.14285714285714285,4.545454545454546
2020-04-08,16020,Cape Girardeau,"Cape Girardeau, MO-IL Metro Area",25,0.257368458980615,3,1.2857142857142858,1,0.0102947383592246,0,0.14285714285714285,4
2020-04-09,16020,Cape Girardeau,"Cape Girardeau, MO-IL Metro Area",27,0.2779579356990642,2,1.5714285714285714,1,0.0102947383592246,0,0.14285714285714285,3.7037037037037033
2020-04-10,16020,Cape Girardeau,"Cape Girardeau, MO-IL Metro Area",29,0.2985474124175134,2,1.8571428571428572,1,0.0102947383592246,0,0.14285714285714285,3.4482758620689653
2020-04-11,16020,Cape Girardeau,"Cape Girardeau, MO-IL Metro Area",31,0.3191368891359626,2,2,1,0.0102947383592246,0,0.14285714285714285,3.225806451612903
2020-04-12,16020,Cape Girardeau,"Cape Girardeau, MO-IL Metro Area",31,0.3191368891359626,0,1.8571428571428572,1,0.0102947383592246,0,0.14285714285714285,3.225806451612903
2020-04-13,16020,Cape Girardeau,"Cape Girardeau, MO-IL Metro Area",33,0.3397263658544118,2,1.7142857142857142,1,0.0102947383592246,0,0.14285714285714285,3.0303030303030303
2020-04-14,16020,Cape Girardeau,"Cape Girardeau, MO-IL Metro Area",33,0.3397263658544118,0,1.5714285714285714,1,0.0102947383592246,0,0,3.0303030303030303
2020-04-15,16020,Cape Girardeau,"Cape Girardeau, MO-IL Metro Area",34,0.3500211042136364,1,1.2857142857142858,1,0.0102947383592246,0,0,2.941176470588235
2020-04-16,16020,Cape Girardeau,"Cape Girardeau, MO-IL Metro Area",37,0.3809053192913102,3,1.4285714285714286,1,0.0102947383592246,0,0,2.7027027027027026
2020-04-17,16020,Cape Girardeau,"Cape Girardeau, MO-IL Metro Area",39,0.4014947960097594,2,1.4285714285714286,1,0.0102947383592246,0,0,2.564102564102564
2020-04-18,16020,Cape Girardeau,"Cape Girardeau, MO-IL Metro Area",40,0.411789534368984,1,1.2857142857142858,1,0.0102947383592246,0,0,2.5
2020-04-19,16020,Cape Girardeau,"Cape Girardeau, MO-IL Metro Area",41,0.4220842727282086,1,1.4285714285714286,1,0.0102947383592246,0,0,2.4390243902439024
2020-04-20,16020,Cape Girardeau,"Cape Girardeau, MO-IL Metro Area",41,0.4220842727282086,0,1.1428571428571428,1,0.0102947383592246,0,0,2.4390243902439024
2020-04-21,16020,Cape Girardeau,"Cape Girardeau, MO-IL Metro Area",42,0.4323790110874332,1,1.2857142857142858,1,0.0102947383592246,0,0,2.380952380952381
2020-04-22,16020,Cape Girardeau,"Cape Girardeau, MO-IL Metro Area",45,0.463263226165107,3,1.5714285714285714,1,0.0102947383592246,0,0,2.2222222222222223
2020-04-23,16020,Cape Girardeau,"Cape Girardeau, MO-IL Metro Area",47,0.4838527028835562,2,1.4285714285714286,1,0.0102947383592246,0,0,2.127659574468085
2020-04-24,16020,Cape Girardeau,"Cape Girardeau, MO-IL Metro Area",49,0.5044421796020053,2,1.4285714285714286,1,0.0102947383592246,0,0,2.0408163265306123
2020-04-25,16020,Cape Girardeau,"Cape Girardeau, MO-IL Metro Area",49,0.5044421796020053,0,1.2857142857142858,1,0.0102947383592246,0,0,2.0408163265306123
2020-01-24,17860,Columbia,"Columbia, MO Metro Area",0,0,0,0,0,0,0,0,NaN
2020-01-25,17860,Columbia,"Columbia, MO Metro Area",0,0,0,0,0,0,0,0,NaN
2020-01-26,17860,Columbia,"Columbia, MO Metro Area",0,0,0,0,0,0,0,0,NaN
2020-01-27,17860,Columbia,"Columbia, MO Metro Area",0,0,0,0,0,0,0,0,NaN
2020-01-28,17860,Columbia,"Columbia, MO Metro Area",0,0,0,0,0,0,0,0,NaN
2020-01-29,17860,Columbia,"Columbia, MO Metro Area",0,0,0,0,0,0,0,0,NaN
2020-01-30,17860,Columbia,"Columbia, MO Metro Area",0,0,0,0,0,0,0,0,NaN
2020-01-31,17860,Columbia,"Columbia, MO Metro Area",0,0,0,0,0,0,0,0,NaN
2020-02-01,17860,Columbia,"Columbia, MO Metro Area",0,0,0,0,0,0,0,0,NaN
2020-02-02,17860,Columbia,"Columbia, MO Metro Area",0,0,0,0,0,0,0,0,NaN
2020-02-03,17860,Columbia,"Columbia, MO Metro Area",0,0,0,0,0,0,0,0,NaN
2020-02-04,17860,Columbia,"Columbia, MO Metro Area",0,0,0,0,0,0,0,0,NaN
2020-02-05,17860,Columbia,"Columbia, MO Metro Area",0,0,0,0,0,0,0,0,NaN
2020-02-06,17860,Columbia,"Columbia, MO Metro Area",0,0,0,0,0,0,0,0,NaN
2020-02-07,17860,Columbia,"Columbia, MO Metro Area",0,0,0,0,0,0,0,0,NaN
2020-02-08,17860,Columbia,"Columbia, MO Metro Area",0,0,0,0,0,0,0,0,NaN
2020-02-09,17860,Columbia,"Columbia, MO Metro Area",0,0,0,0,0,0,0,0,NaN
2020-02-10,17860,Columbia,"Columbia, MO Metro Area",0,0,0,0,0,0,0,0,NaN
2020-02-11,17860,Columbia,"Columbia, MO Metro Area",0,0,0,0,0,0,0,0,NaN
2020-02-12,17860,Columbia,"Columbia, MO Metro Area",0,0,0,0,0,0,0,0,NaN
2020-02-13,17860,Columbia,"Columbia, MO Metro Area",0,0,0,0,0,0,0,0,NaN
2020-02-14,17860,Columbia,"Columbia, MO Metro Area",0,0,0,0,0,0,0,0,NaN
2020-02-15,17860,Columbia,"Columbia, MO Metro Area",0,0,0,0,0,0,0,0,NaN
2020-02-16,17860,Columbia,"Columbia, MO Metro Area",0,0,0,0,0,0,0,0,NaN
2020-02-17,17860,Columbia,"Columbia, MO Metro Area",0,0,0,0,0,0,0,0,NaN
2020-02-18,17860,Columbia,"Columbia, MO Metro Area",0,0,0,0,0,0,0,0,NaN
2020-02-19,17860,Columbia,"Columbia, MO Metro Area",0,0,0,0,0,0,0,0,NaN
2020-02-20,17860,Columbia,"Columbia, MO Metro Area",0,0,0,0,0,0,0,0,NaN
2020-02-21,17860,Columbia,"Columbia, MO Metro Area",0,0,0,0,0,0,0,0,NaN
2020-02-22,17860,Columbia,"Columbia, MO Metro Area",0,0,0,0,0,0,0,0,NaN
2020-02-23,17860,Columbia,"Columbia, MO Metro Area",0,0,0,0,0,0,0,0,NaN
2020-02-24,17860,Columbia,"Columbia, MO Metro Area",0,0,0,0,0,0,0,0,NaN
2020-02-25,17860,Columbia,"Columbia, MO Metro Area",0,0,0,0,0,0,0,0,NaN
2020-02-26,17860,Columbia,"Columbia, MO Metro Area",0,0,0,0,0,0,0,0,NaN
2020-02-27,17860,Columbia,"Columbia, MO Metro Area",0,0,0,0,0,0,0,0,NaN
2020-02-28,17860,Columbia,"Columbia, MO Metro Area",0,0,0,0,0,0,0,0,NaN
2020-02-29,17860,Columbia,"Columbia, MO Metro Area",0,0,0,0,0,0,0,0,NaN
2020-03-01,17860,Columbia,"Columbia, MO Metro Area",0,0,0,0,0,0,0,0,NaN
2020-03-02,17860,Columbia,"Columbia, MO Metro Area",0,0,0,0,0,0,0,0,NaN
2020-03-03,17860,Columbia,"Columbia, MO Metro Area",0,0,0,0,0,0,0,0,NaN
2020-03-04,17860,Columbia,"Columbia, MO Metro Area",0,0,0,0,0,0,0,0,NaN
2020-03-05,17860,Columbia,"Columbia, MO Metro Area",0,0,0,0,0,0,0,0,NaN
2020-03-06,17860,Columbia,"Columbia, MO Metro Area",0,0,0,0,0,0,0,0,NaN
2020-03-07,17860,Columbia,"Columbia, MO Metro Area",0,0,0,0,0,0,0,0,NaN
2020-03-08,17860,Columbia,"Columbia, MO Metro Area",0,0,0,0,0,0,0,0,NaN
2020-03-09,17860,Columbia,"Columbia, MO Metro Area",0,0,0,0,0,0,0,0,NaN
2020-03-10,17860,Columbia,"Columbia, MO Metro Area",0,0,0,0,0,0,0,0,NaN
2020-03-11,17860,Columbia,"Columbia, MO Metro Area",0,0,0,0,0,0,0,0,NaN
2020-03-12,17860,Columbia,"Columbia, MO Metro Area",0,0,0,0,0,0,0,0,NaN
2020-03-13,17860,Columbia,"Columbia, MO Metro Area",0,0,0,0,0,0,0,0,NaN
2020-03-14,17860,Columbia,"Columbia, MO Metro Area",0,0,0,0,0,0,0,0,NaN
2020-03-15,17860,Columbia,"Columbia, MO Metro Area",0,0,0,0,0,0,0,0,NaN
2020-03-16,17860,Columbia,"Columbia, MO Metro Area",0,0,0,0,0,0,0,0,NaN
2020-03-17,17860,Columbia,"Columbia, MO Metro Area",1,0.005665240914369884,1,0.14285714285714285,0,0,0,0,0
2020-03-18,17860,Columbia,"Columbia, MO Metro Area",1,0.005665240914369884,0,0.14285714285714285,1,0.005665240914369884,1,0.14285714285714285,100
2020-03-19,17860,Columbia,"Columbia, MO Metro Area",3,0.01699572274310965,2,0.42857142857142855,1,0.005665240914369884,0,0.14285714285714285,33.33333333333333
2020-03-20,17860,Columbia,"Columbia, MO Metro Area",10,0.05665240914369884,7,1.4285714285714286,1,0.005665240914369884,0,0.14285714285714285,10
2020-03-21,17860,Columbia,"Columbia, MO Metro Area",11,0.06231765005806871,1,1.5714285714285714,1,0.005665240914369884,0,0.14285714285714285,9.090909090909092
2020-03-22,17860,Columbia,"Columbia, MO Metro Area",11,0.06231765005806871,0,1.5714285714285714,1,0.005665240914369884,0,0.14285714285714285,9.090909090909092
2020-03-23,17860,Columbia,"Columbia, MO Metro Area",17,0.09630909554428801,6,2.4285714285714284,1,0.005665240914369884,0,0.14285714285714285,5.88235294117647
2020-03-24,17860,Columbia,"Columbia, MO Metro Area",20,0.11330481828739768,3,2.7142857142857144,1,0.005665240914369884,0,0.14285714285714285,5
2020-03-25,17860,Columbia,"Columbia, MO Metro Area",22,0.12463530011613742,2,3,1,0.005665240914369884,0,0,4.545454545454546
2020-03-26,17860,Columbia,"Columbia, MO Metro Area",27,0.15296150468798686,5,3.4285714285714284,1,0.005665240914369884,0,0,3.7037037037037033
2020-03-27,17860,Columbia,"Columbia, MO Metro Area",39,0.22094439566042545,12,4.142857142857143,1,0.005665240914369884,0,0,2.564102564102564
2020-03-28,17860,Columbia,"Columbia, MO Metro Area",51,0.28892728663286404,12,5.714285714285714,1,0.005665240914369884,0,0,1.9607843137254901
2020-03-29,17860,Columbia,"Columbia, MO Metro Area",52,0.294592527547234,1,5.857142857142857,1,0.005665240914369884,0,0,1.9230769230769231
2020-03-30,17860,Columbia,"Columbia, MO Metro Area",61,0.3455796957765629,9,6.285714285714286,1,0.005665240914369884,0,0,1.639344262295082
2020-03-31,17860,Columbia,"Columbia, MO Metro Area",68,0.38523638217715206,7,6.857142857142857,1,0.005665240914369884,0,0,1.4705882352941175
2020-04-01,17860,Columbia,"Columbia, MO Metro Area",69,0.390901623091522,1,6.714285714285714,1,0.005665240914369884,0,0,1.4492753623188406
2020-04-02,17860,Columbia,"Columbia, MO Metro Area",73,0.41356258674900154,4,6.571428571428571,1,0.005665240914369884,0,0,1.36986301369863
2020-04-03,17860,Columbia,"Columbia, MO Metro Area",80,0.4532192731495907,7,5.857142857142857,1,0.005665240914369884,0,0,1.25
2020-04-04,17860,Columbia,"Columbia, MO Metro Area",84,0.47588023680707026,4,4.714285714285714,1,0.005665240914369884,0,0,1.1904761904761905
2020-04-05,17860,Columbia,"Columbia, MO Metro Area",85,0.4815454777214401,1,4.714285714285714,1,0.005665240914369884,0,0,1.1764705882352942
2020-04-06,17860,Columbia,"Columbia, MO Metro Area",85,0.4815454777214401,0,3.4285714285714284,1,0.005665240914369884,0,0,1.1764705882352942
2020-04-07,17860,Columbia,"Columbia, MO Metro Area",87,0.49287595955017993,2,2.7142857142857144,1,0.005665240914369884,0,0,1.1494252873563218
2020-04-08,17860,Columbia,"Columbia, MO Metro Area",88,0.4985412004645497,1,2.7142857142857144,1,0.005665240914369884,0,0,1.1363636363636365
2020-04-09,17860,Columbia,"Columbia, MO Metro Area",89,0.5042064413789196,1,2.2857142857142856,1,0.005665240914369884,0,0,1.1235955056179776
2020-04-10,17860,Columbia,"Columbia, MO Metro Area",89,0.5042064413789196,0,1.2857142857142858,1,0.005665240914369884,0,0,1.1235955056179776
2020-04-11,17860,Columbia,"Columbia, MO Metro Area",92,0.5212021641220292,3,1.1428571428571428,1,0.005665240914369884,0,0,1.0869565217391304
2020-04-12,17860,Columbia,"Columbia, MO Metro Area",93,0.5268674050363992,1,1.1428571428571428,1,0.005665240914369884,0,0,1.0752688172043012
2020-04-13,17860,Columbia,"Columbia, MO Metro Area",96,0.5438631277795088,3,1.5714285714285714,1,0.005665240914369884,0,0,1.0416666666666665
2020-04-14,17860,Columbia,"Columbia, MO Metro Area",101,0.5721893323513582,5,2,1,0.005665240914369884,0,0,0.9900990099009901
2020-04-15,17860,Columbia,"Columbia, MO Metro Area",104,0.589185055094468,3,2.2857142857142856,1,0.005665240914369884,0,0,0.9615384615384616
2020-04-16,17860,Columbia,"Columbia, MO Metro Area",106,0.6005155369232077,2,2.4285714285714284,1,0.005665240914369884,0,0,0.9433962264150944
2020-04-17,17860,Columbia,"Columbia, MO Metro Area",107,0.6061807778375775,1,2.5714285714285716,1,0.005665240914369884,0,0,0.9345794392523363
2020-04-18,17860,Columbia,"Columbia, MO Metro Area",107,0.6061807778375775,0,2.142857142857143,1,0.005665240914369884,0,0,0.9345794392523363
2020-04-19,17860,Columbia,"Columbia, MO Metro Area",108,0.6118460187519474,1,2.142857142857143,1,0.005665240914369884,0,0,0.9259259259259258
2020-04-20,17860,Columbia,"Columbia, MO Metro Area",109,0.6175112596663173,1,1.8571428571428572,1,0.005665240914369884,0,0,0.9174311926605505
2020-04-21,17860,Columbia,"Columbia, MO Metro Area",112,0.6345069824094269,3,1.5714285714285714,1,0.005665240914369884,0,0,0.8928571428571428
2020-04-22,17860,Columbia,"Columbia, MO Metro Area",113,0.6401722233237969,1,1.2857142857142858,1,0.005665240914369884,0,0,0.8849557522123894
2020-04-23,17860,Columbia,"Columbia, MO Metro Area",114,0.6458374642381667,1,1.1428571428571428,1,0.005665240914369884,0,0,0.8771929824561403
2020-04-24,17860,Columbia,"Columbia, MO Metro Area",117,0.6628331869812765,3,1.4285714285714286,1,0.005665240914369884,0,0,0.8547008547008548
2020-04-25,17860,Columbia,"Columbia, MO Metro Area",116,0.6571679460669065,-1,1.2857142857142858,1,0.005665240914369884,0,0,0.8620689655172413
2020-01-24,27620,Jefferson City,"Jefferson City, MO Metro Area",0,0,0,0,0,0,0,0,NaN
2020-01-25,27620,Jefferson City,"Jefferson City, MO Metro Area",0,0,0,0,0,0,0,0,NaN
2020-01-26,27620,Jefferson City,"Jefferson City, MO Metro Area",0,0,0,0,0,0,0,0,NaN
2020-01-27,27620,Jefferson City,"Jefferson City, MO Metro Area",0,0,0,0,0,0,0,0,NaN
2020-01-28,27620,Jefferson City,"Jefferson City, MO Metro Area",0,0,0,0,0,0,0,0,NaN
2020-01-29,27620,Jefferson City,"Jefferson City, MO Metro Area",0,0,0,0,0,0,0,0,NaN
2020-01-30,27620,Jefferson City,"Jefferson City, MO Metro Area",0,0,0,0,0,0,0,0,NaN
2020-01-31,27620,Jefferson City,"Jefferson City, MO Metro Area",0,0,0,0,0,0,0,0,NaN
2020-02-01,27620,Jefferson City,"Jefferson City, MO Metro Area",0,0,0,0,0,0,0,0,NaN
2020-02-02,27620,Jefferson City,"Jefferson City, MO Metro Area",0,0,0,0,0,0,0,0,NaN
2020-02-03,27620,Jefferson City,"Jefferson City, MO Metro Area",0,0,0,0,0,0,0,0,NaN
2020-02-04,27620,Jefferson City,"Jefferson City, MO Metro Area",0,0,0,0,0,0,0,0,NaN
2020-02-05,27620,Jefferson City,"Jefferson City, MO Metro Area",0,0,0,0,0,0,0,0,NaN
2020-02-06,27620,Jefferson City,"Jefferson City, MO Metro Area",0,0,0,0,0,0,0,0,NaN
2020-02-07,27620,Jefferson City,"Jefferson City, MO Metro Area",0,0,0,0,0,0,0,0,NaN
2020-02-08,27620,Jefferson City,"Jefferson City, MO Metro Area",0,0,0,0,0,0,0,0,NaN
2020-02-09,27620,Jefferson City,"Jefferson City, MO Metro Area",0,0,0,0,0,0,0,0,NaN
2020-02-10,27620,Jefferson City,"Jefferson City, MO Metro Area",0,0,0,0,0,0,0,0,NaN
2020-02-11,27620,Jefferson City,"Jefferson City, MO Metro Area",0,0,0,0,0,0,0,0,NaN
2020-02-12,27620,Jefferson City,"Jefferson City, MO Metro Area",0,0,0,0,0,0,0,0,NaN
2020-02-13,27620,Jefferson City,"Jefferson City, MO Metro Area",0,0,0,0,0,0,0,0,NaN
2020-02-14,27620,Jefferson City,"Jefferson City, MO Metro Area",0,0,0,0,0,0,0,0,NaN
2020-02-15,27620,Jefferson City,"Jefferson City, MO Metro Area",0,0,0,0,0,0,0,0,NaN
2020-02-16,27620,Jefferson City,"Jefferson City, MO Metro Area",0,0,0,0,0,0,0,0,NaN
2020-02-17,27620,Jefferson City,"Jefferson City, MO Metro Area",0,0,0,0,0,0,0,0,NaN
2020-02-18,27620,Jefferson City,"Jefferson City, MO Metro Area",0,0,0,0,0,0,0,0,NaN
2020-02-19,27620,Jefferson City,"Jefferson City, MO Metro Area",0,0,0,0,0,0,0,0,NaN
2020-02-20,27620,Jefferson City,"Jefferson City, MO Metro Area",0,0,0,0,0,0,0,0,NaN
2020-02-21,27620,Jefferson City,"Jefferson City, MO Metro Area",0,0,0,0,0,0,0,0,NaN
2020-02-22,27620,Jefferson City,"Jefferson City, MO Metro Area",0,0,0,0,0,0,0,0,NaN
2020-02-23,27620,Jefferson City,"Jefferson City, MO Metro Area",0,0,0,0,0,0,0,0,NaN
2020-02-24,27620,Jefferson City,"Jefferson City, MO Metro Area",0,0,0,0,0,0,0,0,NaN
2020-02-25,27620,Jefferson City,"Jefferson City, MO Metro Area",0,0,0,0,0,0,0,0,NaN
2020-02-26,27620,Jefferson City,"Jefferson City, MO Metro Area",0,0,0,0,0,0,0,0,NaN
2020-02-27,27620,Jefferson City,"Jefferson City, MO Metro Area",0,0,0,0,0,0,0,0,NaN
2020-02-28,27620,Jefferson City,"Jefferson City, MO Metro Area",0,0,0,0,0,0,0,0,NaN
2020-02-29,27620,Jefferson City,"Jefferson City, MO Metro Area",0,0,0,0,0,0,0,0,NaN
2020-03-01,27620,Jefferson City,"Jefferson City, MO Metro Area",0,0,0,0,0,0,0,0,NaN
2020-03-02,27620,Jefferson City,"Jefferson City, MO Metro Area",0,0,0,0,0,0,0,0,NaN
2020-03-03,27620,Jefferson City,"Jefferson City, MO Metro Area",0,0,0,0,0,0,0,0,NaN
2020-03-04,27620,Jefferson City,"Jefferson City, MO Metro Area",0,0,0,0,0,0,0,0,NaN
2020-03-05,27620,Jefferson City,"Jefferson City, MO Metro Area",0,0,0,0,0,0,0,0,NaN
2020-03-06,27620,Jefferson City,"Jefferson City, MO Metro Area",0,0,0,0,0,0,0,0,NaN
2020-03-07,27620,Jefferson City,"Jefferson City, MO Metro Area",0,0,0,0,0,0,0,0,NaN
2020-03-08,27620,Jefferson City,"Jefferson City, MO Metro Area",0,0,0,0,0,0,0,0,NaN
2020-03-09,27620,Jefferson City,"Jefferson City, MO Metro Area",0,0,0,0,0,0,0,0,NaN
2020-03-10,27620,Jefferson City,"Jefferson City, MO Metro Area",0,0,0,0,0,0,0,0,NaN
2020-03-11,27620,Jefferson City,"Jefferson City, MO Metro Area",0,0,0,0,0,0,0,0,NaN
2020-03-12,27620,Jefferson City,"Jefferson City, MO Metro Area",0,0,0,0,0,0,0,0,NaN
2020-03-13,27620,Jefferson City,"Jefferson City, MO Metro Area",0,0,0,0,0,0,0,0,NaN
2020-03-14,27620,Jefferson City,"Jefferson City, MO Metro Area",0,0,0,0,0,0,0,0,NaN
2020-03-15,27620,Jefferson City,"Jefferson City, MO Metro Area",0,0,0,0,0,0,0,0,NaN
2020-03-16,27620,Jefferson City,"Jefferson City, MO Metro Area",0,0,0,0,0,0,0,0,NaN
2020-03-17,27620,Jefferson City,"Jefferson City, MO Metro Area",1,0.00661563804521127,1,0.14285714285714285,0,0,0,0,0
2020-03-18,27620,Jefferson City,"Jefferson City, MO Metro Area",2,0.01323127609042254,1,0.2857142857142857,0,0,0,0,0
2020-03-19,27620,Jefferson City,"Jefferson City, MO Metro Area",2,0.01323127609042254,0,0.2857142857142857,0,0,0,0,0
2020-03-20,27620,Jefferson City,"Jefferson City, MO Metro Area",3,0.01984691413563381,1,0.42857142857142855,0,0,0,0,0
2020-03-21,27620,Jefferson City,"Jefferson City, MO Metro Area",3,0.01984691413563381,0,0.42857142857142855,0,0,0,0,0
2020-03-22,27620,Jefferson City,"Jefferson City, MO Metro Area",3,0.01984691413563381,0,0.42857142857142855,0,0,0,0,0
2020-03-23,27620,Jefferson City,"Jefferson City, MO Metro Area",7,0.04630946631647889,4,1,0,0,0,0,0
2020-03-24,27620,Jefferson City,"Jefferson City, MO Metro Area",8,0.05292510436169016,1,1,0,0,0,0,0
2020-03-25,27620,Jefferson City,"Jefferson City, MO Metro Area",10,0.06615638045211271,2,1.1428571428571428,0,0,0,0,0
2020-03-26,27620,Jefferson City,"Jefferson City, MO Metro Area",12,0.07938765654253524,2,1.4285714285714286,0,0,0,0,0
2020-03-27,27620,Jefferson City,"Jefferson City, MO Metro Area",15,0.09923457067816906,3,1.7142857142857142,0,0,0,0,0
2020-03-28,27620,Jefferson City,"Jefferson City, MO Metro Area",26,0.17200658917549302,11,3.2857142857142856,0,0,0,0,0
2020-03-29,27620,Jefferson City,"Jefferson City, MO Metro Area",29,0.19185350331112686,3,3.7142857142857144,0,0,0,0,0
2020-03-30,27620,Jefferson City,"Jefferson City, MO Metro Area",41,0.2712411598536621,12,4.857142857142857,0,0,0,0,0
2020-03-31,27620,Jefferson City,"Jefferson City, MO Metro Area",40,0.26462552180845084,-1,4.571428571428571,0,0,0,0,0
2020-04-01,27620,Jefferson City,"Jefferson City, MO Metro Area",45,0.2977037120345072,5,5,0,0,0,0,0
2020-04-02,27620,Jefferson City,"Jefferson City, MO Metro Area",47,0.3109349881249297,2,5,0,0,0,0,0
2020-04-03,27620,Jefferson City,"Jefferson City, MO Metro Area",48,0.31755062617014096,1,4.714285714285714,1,0.00661563804521127,1,0.14285714285714285,2.083333333333333
2020-04-04,27620,Jefferson City,"Jefferson City, MO Metro Area",50,0.33078190226056353,2,3.4285714285714284,1,0.00661563804521127,0,0.14285714285714285,2
2020-04-05,27620,Jefferson City,"Jefferson City, MO Metro Area",56,0.37047573053183114,6,3.857142857142857,1,0.00661563804521127,0,0.14285714285714285,1.7857142857142856
2020-04-06,27620,Jefferson City,"Jefferson City, MO Metro Area",56,0.37047573053183114,0,2.142857142857143,2,0.01323127609042254,1,0.2857142857142857,3.571428571428571
2020-04-07,27620,Jefferson City,"Jefferson City, MO Metro Area",59,0.3903226446674649,3,2.7142857142857144,2,0.01323127609042254,0,0.2857142857142857,3.389830508474576
2020-04-08,27620,Jefferson City,"Jefferson City, MO Metro Area",63,0.41678519684831006,4,2.5714285714285716,2,0.01323127609042254,0,0.2857142857142857,3.1746031746031744
2020-04-09,27620,Jefferson City,"Jefferson City, MO Metro Area",62,0.4101695588030988,-1,2.142857142857143,2,0.01323127609042254,0,0.2857142857142857,3.225806451612903
2020-04-10,27620,Jefferson City,"Jefferson City, MO Metro Area",63,0.41678519684831006,1,2.142857142857143,2,0.01323127609042254,0,0.14285714285714285,3.1746031746031744
2020-04-11,27620,Jefferson City,"Jefferson City, MO Metro Area",63,0.41678519684831006,0,1.8571428571428572,2,0.01323127609042254,0,0.14285714285714285,3.1746031746031744
2020-04-12,27620,Jefferson City,"Jefferson City, MO Metro Area",63,0.41678519684831006,0,1,2,0.01323127609042254,0,0.14285714285714285,3.1746031746031744
2020-04-13,27620,Jefferson City,"Jefferson City, MO Metro Area",64,0.42340083489352126,1,1.1428571428571428,2,0.01323127609042254,0,0,3.125
2020-04-14,27620,Jefferson City,"Jefferson City, MO Metro Area",66,0.43663211098394383,2,1,2,0.01323127609042254,0,0,3.0303030303030303
2020-04-15,27620,Jefferson City,"Jefferson City, MO Metro Area",71,0.46971030121000024,5,1.1428571428571428,2,0.01323127609042254,0,0,2.8169014084507045
2020-04-16,27620,Jefferson City,"Jefferson City, MO Metro Area",77,0.5094041294812678,6,2.142857142857143,2,0.01323127609042254,0,0,2.5974025974025974
2020-04-17,27620,Jefferson City,"Jefferson City, MO Metro Area",82,0.5424823197073242,5,2.7142857142857144,2,0.01323127609042254,0,0,2.4390243902439024
2020-04-18,27620,Jefferson City,"Jefferson City, MO Metro Area",87,0.5755605099333805,5,3.4285714285714284,2,0.01323127609042254,0,0,2.2988505747126435
2020-04-19,27620,Jefferson City,"Jefferson City, MO Metro Area",97,0.6417168903854933,10,4.857142857142857,2,0.01323127609042254,0,0,2.0618556701030926
2020-04-20,27620,Jefferson City,"Jefferson City, MO Metro Area",92,0.6086387001594368,-5,4,2,0.01323127609042254,0,0,2.1739130434782608
2020-04-21,27620,Jefferson City,"Jefferson City, MO Metro Area",97,0.6417168903854933,5,4.428571428571429,2,0.01323127609042254,0,0,2.0618556701030926
2020-04-22,27620,Jefferson City,"Jefferson City, MO Metro Area",103,0.6814107186567608,6,4.571428571428571,2,0.01323127609042254,0,0,1.9417475728155338
2020-04-23,27620,Jefferson City,"Jefferson City, MO Metro Area",106,0.7012576327923947,3,4.142857142857143,2,0.01323127609042254,0,0,1.8867924528301887
2020-04-24,27620,Jefferson City,"Jefferson City, MO Metro Area",110,0.7277201849732396,4,4,2,0.01323127609042254,0,0,1.8181818181818181
2020-04-25,27620,Jefferson City,"Jefferson City, MO Metro Area",135,0.8931111361035216,25,6.857142857142857,2,0.01323127609042254,0,0,1.4814814814814816
2020-01-24,27900,Joplin,"Joplin, MO Metro Area",0,0,0,0,0,0,0,0,NaN
2020-01-25,27900,Joplin,"Joplin, MO Metro Area",0,0,0,0,0,0,0,0,NaN
2020-01-26,27900,Joplin,"Joplin, MO Metro Area",0,0,0,0,0,0,0,0,NaN
2020-01-27,27900,Joplin,"Joplin, MO Metro Area",0,0,0,0,0,0,0,0,NaN
2020-01-28,27900,Joplin,"Joplin, MO Metro Area",0,0,0,0,0,0,0,0,NaN
2020-01-29,27900,Joplin,"Joplin, MO Metro Area",0,0,0,0,0,0,0,0,NaN
2020-01-30,27900,Joplin,"Joplin, MO Metro Area",0,0,0,0,0,0,0,0,NaN
2020-01-31,27900,Joplin,"Joplin, MO Metro Area",0,0,0,0,0,0,0,0,NaN
2020-02-01,27900,Joplin,"Joplin, MO Metro Area",0,0,0,0,0,0,0,0,NaN
2020-02-02,27900,Joplin,"Joplin, MO Metro Area",0,0,0,0,0,0,0,0,NaN
2020-02-03,27900,Joplin,"Joplin, MO Metro Area",0,0,0,0,0,0,0,0,NaN
2020-02-04,27900,Joplin,"Joplin, MO Metro Area",0,0,0,0,0,0,0,0,NaN
2020-02-05,27900,Joplin,"Joplin, MO Metro Area",0,0,0,0,0,0,0,0,NaN
2020-02-06,27900,Joplin,"Joplin, MO Metro Area",0,0,0,0,0,0,0,0,NaN
2020-02-07,27900,Joplin,"Joplin, MO Metro Area",0,0,0,0,0,0,0,0,NaN
2020-02-08,27900,Joplin,"Joplin, MO Metro Area",0,0,0,0,0,0,0,0,NaN
2020-02-09,27900,Joplin,"Joplin, MO Metro Area",0,0,0,0,0,0,0,0,NaN
2020-02-10,27900,Joplin,"Joplin, MO Metro Area",0,0,0,0,0,0,0,0,NaN
2020-02-11,27900,Joplin,"Joplin, MO Metro Area",0,0,0,0,0,0,0,0,NaN
2020-02-12,27900,Joplin,"Joplin, MO Metro Area",0,0,0,0,0,0,0,0,NaN
2020-02-13,27900,Joplin,"Joplin, MO Metro Area",0,0,0,0,0,0,0,0,NaN
2020-02-14,27900,Joplin,"Joplin, MO Metro Area",0,0,0,0,0,0,0,0,NaN
2020-02-15,27900,Joplin,"Joplin, MO Metro Area",0,0,0,0,0,0,0,0,NaN
2020-02-16,27900,Joplin,"Joplin, MO Metro Area",0,0,0,0,0,0,0,0,NaN
2020-02-17,27900,Joplin,"Joplin, MO Metro Area",0,0,0,0,0,0,0,0,NaN
2020-02-18,27900,Joplin,"Joplin, MO Metro Area",0,0,0,0,0,0,0,0,NaN
2020-02-19,27900,Joplin,"Joplin, MO Metro Area",0,0,0,0,0,0,0,0,NaN
2020-02-20,27900,Joplin,"Joplin, MO Metro Area",0,0,0,0,0,0,0,0,NaN
2020-02-21,27900,Joplin,"Joplin, MO Metro Area",0,0,0,0,0,0,0,0,NaN
2020-02-22,27900,Joplin,"Joplin, MO Metro Area",0,0,0,0,0,0,0,0,NaN
2020-02-23,27900,Joplin,"Joplin, MO Metro Area",0,0,0,0,0,0,0,0,NaN
2020-02-24,27900,Joplin,"Joplin, MO Metro Area",0,0,0,0,0,0,0,0,NaN
2020-02-25,27900,Joplin,"Joplin, MO Metro Area",0,0,0,0,0,0,0,0,NaN
2020-02-26,27900,Joplin,"Joplin, MO Metro Area",0,0,0,0,0,0,0,0,NaN
2020-02-27,27900,Joplin,"Joplin, MO Metro Area",0,0,0,0,0,0,0,0,NaN
2020-02-28,27900,Joplin,"Joplin, MO Metro Area",0,0,0,0,0,0,0,0,NaN
2020-02-29,27900,Joplin,"Joplin, MO Metro Area",0,0,0,0,0,0,0,0,NaN
2020-03-01,27900,Joplin,"Joplin, MO Metro Area",0,0,0,0,0,0,0,0,NaN
2020-03-02,27900,Joplin,"Joplin, MO Metro Area",0,0,0,0,0,0,0,0,NaN
2020-03-03,27900,Joplin,"Joplin, MO Metro Area",0,0,0,0,0,0,0,0,NaN
2020-03-04,27900,Joplin,"Joplin, MO Metro Area",0,0,0,0,0,0,0,0,NaN
2020-03-05,27900,Joplin,"Joplin, MO Metro Area",0,0,0,0,0,0,0,0,NaN
2020-03-06,27900,Joplin,"Joplin, MO Metro Area",0,0,0,0,0,0,0,0,NaN
2020-03-07,27900,Joplin,"Joplin, MO Metro Area",0,0,0,0,0,0,0,0,NaN
2020-03-08,27900,Joplin,"Joplin, MO Metro Area",0,0,0,0,0,0,0,0,NaN
2020-03-09,27900,Joplin,"Joplin, MO Metro Area",0,0,0,0,0,0,0,0,NaN
2020-03-10,27900,Joplin,"Joplin, MO Metro Area",0,0,0,0,0,0,0,0,NaN
2020-03-11,27900,Joplin,"Joplin, MO Metro Area",0,0,0,0,0,0,0,0,NaN
2020-03-12,27900,Joplin,"Joplin, MO Metro Area",0,0,0,0,0,0,0,0,NaN
2020-03-13,27900,Joplin,"Joplin, MO Metro Area",0,0,0,0,0,0,0,0,NaN
2020-03-14,27900,Joplin,"Joplin, MO Metro Area",0,0,0,0,0,0,0,0,NaN
2020-03-15,27900,Joplin,"Joplin, MO Metro Area",0,0,0,0,0,0,0,0,NaN
2020-03-16,27900,Joplin,"Joplin, MO Metro Area",0,0,0,0,0,0,0,0,NaN
2020-03-17,27900,Joplin,"Joplin, MO Metro Area",0,0,0,0,0,0,0,0,NaN
2020-03-18,27900,Joplin,"Joplin, MO Metro Area",0,0,0,0,0,0,0,0,NaN
2020-03-19,27900,Joplin,"Joplin, MO Metro Area",0,0,0,0,0,0,0,0,NaN
2020-03-20,27900,Joplin,"Joplin, MO Metro Area",0,0,0,0,0,0,0,0,NaN
2020-03-21,27900,Joplin,"Joplin, MO Metro Area",1,0.00563570784490532,1,0.14285714285714285,0,0,0,0,0
2020-03-22,27900,Joplin,"Joplin, MO Metro Area",1,0.00563570784490532,0,0.14285714285714285,0,0,0,0,0
2020-03-23,27900,Joplin,"Joplin, MO Metro Area",1,0.00563570784490532,0,0.14285714285714285,0,0,0,0,0
2020-03-24,27900,Joplin,"Joplin, MO Metro Area",1,0.00563570784490532,0,0.14285714285714285,0,0,0,0,0
2020-03-25,27900,Joplin,"Joplin, MO Metro Area",3,0.016907123534715962,2,0.42857142857142855,0,0,0,0,0
2020-03-26,27900,Joplin,"Joplin, MO Metro Area",6,0.033814247069431924,3,0.8571428571428571,0,0,0,0,0
2020-03-27,27900,Joplin,"Joplin, MO Metro Area",6,0.033814247069431924,0,0.8571428571428571,0,0,0,0,0
2020-03-28,27900,Joplin,"Joplin, MO Metro Area",10,0.056357078449053195,4,1.2857142857142858,0,0,0,0,0
2020-03-29,27900,Joplin,"Joplin, MO Metro Area",10,0.056357078449053195,0,1.2857142857142858,0,0,0,0,0
2020-03-30,27900,Joplin,"Joplin, MO Metro Area",14,0.07889990982867448,4,1.8571428571428572,0,0,0,0,0
2020-03-31,27900,Joplin,"Joplin, MO Metro Area",16,0.09017132551848513,2,2.142857142857143,0,0,0,0,0
2020-04-01,27900,Joplin,"Joplin, MO Metro Area",17,0.09580703336339044,1,2,0,0,0,0,0
2020-04-02,27900,Joplin,"Joplin, MO Metro Area",19,0.10707844905320109,2,1.8571428571428572,0,0,0,0,0
2020-04-03,27900,Joplin,"Joplin, MO Metro Area",22,0.12398557258791704,3,2.2857142857142856,0,0,0,0,0
2020-04-04,27900,Joplin,"Joplin, MO Metro Area",24,0.1352569882777277,2,2,0,0,0,0,0
2020-04-05,27900,Joplin,"Joplin, MO Metro Area",25,0.140892696122633,1,2.142857142857143,0,0,0,0,0
2020-04-06,27900,Joplin,"Joplin, MO Metro Area",27,0.15216411181244366,2,1.8571428571428572,0,0,0,0,0
2020-04-07,27900,Joplin,"Joplin, MO Metro Area",29,0.16343552750225426,2,1.8571428571428572,0,0,0,0,0
2020-04-08,27900,Joplin,"Joplin, MO Metro Area",31,0.17470694319206492,2,2,0,0,0,0,0
2020-04-09,27900,Joplin,"Joplin, MO Metro Area",35,0.19724977457168621,4,2.2857142857142856,0,0,0,0,0
2020-04-10,27900,Joplin,"Joplin, MO Metro Area",37,0.20852119026149685,2,2.142857142857143,0,0,0,0,0
2020-04-11,27900,Joplin,"Joplin, MO Metro Area",37,0.20852119026149685,0,1.8571428571428572,0,0,0,0,0
2020-04-12,27900,Joplin,"Joplin, MO Metro Area",39,0.21979260595130748,2,2,0,0,0,0,0
2020-04-13,27900,Joplin,"Joplin, MO Metro Area",52,0.2930568079350766,13,3.5714285714285716,0,0,0,0,0
2020-04-14,27900,Joplin,"Joplin, MO Metro Area",52,0.2930568079350766,0,3.2857142857142856,0,0,0,0,0
2020-04-15,27900,Joplin,"Joplin, MO Metro Area",53,0.29869251577998196,1,3.142857142857143,0,0,0,0,0
2020-04-16,27900,Joplin,"Joplin, MO Metro Area",55,0.30996393146979256,2,2.857142857142857,0,0,0,0,0
2020-04-17,27900,Joplin,"Joplin, MO Metro Area",57,0.3212353471596033,2,2.857142857142857,0,0,0,0,0
2020-04-18,27900,Joplin,"Joplin, MO Metro Area",58,0.3268710550045085,1,3,0,0,0,0,0
2020-04-19,27900,Joplin,"Joplin, MO Metro Area",58,0.3268710550045085,0,2.7142857142857144,0,0,0,0,0
2020-04-20,27900,Joplin,"Joplin, MO Metro Area",58,0.3268710550045085,0,0.8571428571428571,0,0,0,0,0
2020-04-21,27900,Joplin,"Joplin, MO Metro Area",59,0.3325067628494139,1,1,0,0,0,0,0
2020-04-22,27900,Joplin,"Joplin, MO Metro Area",59,0.3325067628494139,0,0.8571428571428571,1,0.00563570784490532,1,0.14285714285714285,1.694915254237288
2020-04-23,27900,Joplin,"Joplin, MO Metro Area",61,0.34377817853922454,2,0.8571428571428571,1,0.00563570784490532,0,0.14285714285714285,1.639344262295082
2020-04-24,27900,Joplin,"Joplin, MO Metro Area",61,0.34377817853922454,0,0.5714285714285714,2,0.01127141568981064,1,0.2857142857142857,3.278688524590164
2020-04-25,27900,Joplin,"Joplin, MO Metro Area",63,0.35504959422903515,2,0.7142857142857143,2,0.01127141568981064,0,0.2857142857142857,3.1746031746031744
2020-01-24,28140,Kansas City,"Kansas City, MO-KS Metro Area",0,0,0,0,0,0,0,0,NaN
2020-01-25,28140,Kansas City,"Kansas City, MO-KS Metro Area",0,0,0,0,0,0,0,0,NaN
2020-01-26,28140,Kansas City,"Kansas City, MO-KS Metro Area",0,0,0,0,0,0,0,0,NaN
2020-01-27,28140,Kansas City,"Kansas City, MO-KS Metro Area",0,0,0,0,0,0,0,0,NaN
2020-01-28,28140,Kansas City,"Kansas City, MO-KS Metro Area",0,0,0,0,0,0,0,0,NaN
2020-01-29,28140,Kansas City,"Kansas City, MO-KS Metro Area",0,0,0,0,0,0,0,0,NaN
2020-01-30,28140,Kansas City,"Kansas City, MO-KS Metro Area",0,0,0,0,0,0,0,0,NaN
2020-01-31,28140,Kansas City,"Kansas City, MO-KS Metro Area",0,0,0,0,0,0,0,0,NaN
2020-02-01,28140,Kansas City,"Kansas City, MO-KS Metro Area",0,0,0,0,0,0,0,0,NaN
2020-02-02,28140,Kansas City,"Kansas City, MO-KS Metro Area",0,0,0,0,0,0,0,0,NaN
2020-02-03,28140,Kansas City,"Kansas City, MO-KS Metro Area",0,0,0,0,0,0,0,0,NaN
2020-02-04,28140,Kansas City,"Kansas City, MO-KS Metro Area",0,0,0,0,0,0,0,0,NaN
2020-02-05,28140,Kansas City,"Kansas City, MO-KS Metro Area",0,0,0,0,0,0,0,0,NaN
2020-02-06,28140,Kansas City,"Kansas City, MO-KS Metro Area",0,0,0,0,0,0,0,0,NaN
2020-02-07,28140,Kansas City,"Kansas City, MO-KS Metro Area",0,0,0,0,0,0,0,0,NaN
2020-02-08,28140,Kansas City,"Kansas City, MO-KS Metro Area",0,0,0,0,0,0,0,0,NaN
2020-02-09,28140,Kansas City,"Kansas City, MO-KS Metro Area",0,0,0,0,0,0,0,0,NaN
2020-02-10,28140,Kansas City,"Kansas City, MO-KS Metro Area",0,0,0,0,0,0,0,0,NaN
2020-02-11,28140,Kansas City,"Kansas City, MO-KS Metro Area",0,0,0,0,0,0,0,0,NaN
2020-02-12,28140,Kansas City,"Kansas City, MO-KS Metro Area",0,0,0,0,0,0,0,0,NaN
2020-02-13,28140,Kansas City,"Kansas City, MO-KS Metro Area",0,0,0,0,0,0,0,0,NaN
2020-02-14,28140,Kansas City,"Kansas City, MO-KS Metro Area",0,0,0,0,0,0,0,0,NaN
2020-02-15,28140,Kansas City,"Kansas City, MO-KS Metro Area",0,0,0,0,0,0,0,0,NaN
2020-02-16,28140,Kansas City,"Kansas City, MO-KS Metro Area",0,0,0,0,0,0,0,0,NaN
2020-02-17,28140,Kansas City,"Kansas City, MO-KS Metro Area",0,0,0,0,0,0,0,0,NaN
2020-02-18,28140,Kansas City,"Kansas City, MO-KS Metro Area",0,0,0,0,0,0,0,0,NaN
2020-02-19,28140,Kansas City,"Kansas City, MO-KS Metro Area",0,0,0,0,0,0,0,0,NaN
2020-02-20,28140,Kansas City,"Kansas City, MO-KS Metro Area",0,0,0,0,0,0,0,0,NaN
2020-02-21,28140,Kansas City,"Kansas City, MO-KS Metro Area",0,0,0,0,0,0,0,0,NaN
2020-02-22,28140,Kansas City,"Kansas City, MO-KS Metro Area",0,0,0,0,0,0,0,0,NaN
2020-02-23,28140,Kansas City,"Kansas City, MO-KS Metro Area",0,0,0,0,0,0,0,0,NaN
2020-02-24,28140,Kansas City,"Kansas City, MO-KS Metro Area",0,0,0,0,0,0,0,0,NaN
2020-02-25,28140,Kansas City,"Kansas City, MO-KS Metro Area",0,0,0,0,0,0,0,0,NaN
2020-02-26,28140,Kansas City,"Kansas City, MO-KS Metro Area",0,0,0,0,0,0,0,0,NaN
2020-02-27,28140,Kansas City,"Kansas City, MO-KS Metro Area",0,0,0,0,0,0,0,0,NaN
2020-02-28,28140,Kansas City,"Kansas City, MO-KS Metro Area",0,0,0,0,0,0,0,0,NaN
2020-02-29,28140,Kansas City,"Kansas City, MO-KS Metro Area",0,0,0,0,0,0,0,0,NaN
2020-03-01,28140,Kansas City,"Kansas City, MO-KS Metro Area",0,0,0,0,0,0,0,0,NaN
2020-03-02,28140,Kansas City,"Kansas City, MO-KS Metro Area",0,0,0,0,0,0,0,0,NaN
2020-03-03,28140,Kansas City,"Kansas City, MO-KS Metro Area",0,0,0,0,0,0,0,0,NaN
2020-03-04,28140,Kansas City,"Kansas City, MO-KS Metro Area",0,0,0,0,0,0,0,0,NaN
2020-03-05,28140,Kansas City,"Kansas City, MO-KS Metro Area",0,0,0,0,0,0,0,0,NaN
2020-03-06,28140,Kansas City,"Kansas City, MO-KS Metro Area",0,0,0,0,0,0,0,0,NaN
2020-03-07,28140,Kansas City,"Kansas City, MO-KS Metro Area",1,4.746913556805365e-4,1,0.14285714285714285,0,0,0,0,0
2020-03-08,28140,Kansas City,"Kansas City, MO-KS Metro Area",1,4.746913556805365e-4,0,0.14285714285714285,0,0,0,0,0
2020-03-09,28140,Kansas City,"Kansas City, MO-KS Metro Area",1,4.746913556805365e-4,0,0.14285714285714285,0,0,0,0,0
2020-03-10,28140,Kansas City,"Kansas City, MO-KS Metro Area",1,4.746913556805365e-4,0,0.14285714285714285,0,0,0,0,0
2020-03-11,28140,Kansas City,"Kansas City, MO-KS Metro Area",1,4.746913556805365e-4,0,0.14285714285714285,0,0,0,0,0
2020-03-12,28140,Kansas City,"Kansas City, MO-KS Metro Area",5,0.002373456778402683,4,0.7142857142857143,1,4.746913556805365e-4,1,0.14285714285714285,20
2020-03-13,28140,Kansas City,"Kansas City, MO-KS Metro Area",5,0.002373456778402683,0,0.7142857142857143,1,4.746913556805365e-4,0,0.14285714285714285,20
2020-03-14,28140,Kansas City,"Kansas City, MO-KS Metro Area",6,0.002848148134083219,1,0.7142857142857143,1,4.746913556805365e-4,0,0.14285714285714285,16.666666666666664
2020-03-15,28140,Kansas City,"Kansas City, MO-KS Metro Area",7,0.0033228394897637558,1,0.8571428571428571,1,4.746913556805365e-4,0,0.14285714285714285,14.285714285714285
2020-03-16,28140,Kansas City,"Kansas City, MO-KS Metro Area",10,0.004746913556805366,3,1.2857142857142858,1,4.746913556805365e-4,0,0.14285714285714285,10
2020-03-17,28140,Kansas City,"Kansas City, MO-KS Metro Area",17,0.00806975304656912,7,2.2857142857142856,1,4.746913556805365e-4,0,0.14285714285714285,5.88235294117647
2020-03-18,28140,Kansas City,"Kansas City, MO-KS Metro Area",23,0.01091790118065234,6,3.142857142857143,1,4.746913556805365e-4,0,0.14285714285714285,4.3478260869565215
2020-03-19,28140,Kansas City,"Kansas City, MO-KS Metro Area",34,0.01613950609313824,11,4.142857142857143,1,4.746913556805365e-4,0,0,2.941176470588235
2020-03-20,28140,Kansas City,"Kansas City, MO-KS Metro Area",61,0.028956172696512728,27,8,2,9.49382711361073e-4,1,0.14285714285714285,3.278688524590164
2020-03-21,28140,Kansas City,"Kansas City, MO-KS Metro Area",68,0.03227901218627648,7,8.857142857142858,3,0.0014240740670416095,1,0.2857142857142857,4.411764705882353
2020-03-22,28140,Kansas City,"Kansas City, MO-KS Metro Area",72,0.03417777760899863,4,9.285714285714286,3,0.0014240740670416095,0,0.2857142857142857,4.166666666666666
2020-03-23,28140,Kansas City,"Kansas City, MO-KS Metro Area",95,0.04509567878965097,23,12.142857142857142,3,0.0014240740670416095,0,0.2857142857142857,3.1578947368421053
2020-03-24,28140,Kansas City,"Kansas City, MO-KS Metro Area",123,0.05838703674870599,28,15.142857142857142,4,0.001898765422722146,1,0.42857142857142855,3.2520325203252036
2020-03-25,28140,Kansas City,"Kansas City, MO-KS Metro Area",173,0.08212160453273282,50,21.428571428571427,4,0.001898765422722146,0,0.42857142857142855,2.312138728323699
2020-03-26,28140,Kansas City,"Kansas City, MO-KS Metro Area",226,0.10728024638380125,53,27.428571428571427,4,0.001898765422722146,0,0.42857142857142855,1.7699115044247788
2020-03-27,28140,Kansas City,"Kansas City, MO-KS Metro Area",273,0.12959074010078647,47,30.285714285714285,5,0.002373456778402683,1,0.42857142857142855,1.8315018315018317
2020-03-28,28140,Kansas City,"Kansas City, MO-KS Metro Area",321,0.15237592517345222,48,36.142857142857146,6,0.002848148134083219,1,0.42857142857142855,1.8691588785046727
2020-03-29,28140,Kansas City,"Kansas City, MO-KS Metro Area",369,0.17516111024611797,48,42.42857142857143,7,0.0033228394897637558,1,0.5714285714285714,1.8970189701897018
2020-03-30,28140,Kansas City,"Kansas City, MO-KS Metro Area",417,0.19794629531878372,48,46,8,0.003797530845444292,1,0.7142857142857143,1.9184652278177456
2020-03-31,28140,Kansas City,"Kansas City, MO-KS Metro Area",503,0.23876975190730987,86,54.285714285714285,9,0.004272222201124829,1,0.7142857142857143,1.7892644135188867
2020-04-01,28140,Kansas City,"Kansas City, MO-KS Metro Area",560,0.26582715918110045,57,55.285714285714285,11,0.005221604912485901,2,1,1.9642857142857142
2020-04-02,28140,Kansas City,"Kansas City, MO-KS Metro Area",629,0.2985808627230575,69,57.57142857142857,14,0.0066456789795275115,3,1.4285714285714286,2.2257551669316373
2020-04-03,28140,Kansas City,"Kansas City, MO-KS Metro Area",707,0.33560678846613934,78,62,20,0.009493827113610732,6,2.142857142857143,2.828854314002829
2020-04-04,28140,Kansas City,"Kansas City, MO-KS Metro Area",790,0.37500617098762384,83,67,20,0.009493827113610732,0,2,2.5316455696202533
2020-04-05,28140,Kansas City,"Kansas City, MO-KS Metro Area",826,0.39209505979212317,36,65.28571428571429,22,0.010443209824971803,2,2.142857142857143,2.663438256658596
2020-04-06,28140,Kansas City,"Kansas City, MO-KS Metro Area",932,0.44241234349426006,106,73.57142857142857,25,0.011867283892013414,3,2.4285714285714284,2.682403433476395
2020-04-07,28140,Kansas City,"Kansas City, MO-KS Metro Area",962,0.4566530841646761,30,65.57142857142857,35,0.016614197448818778,10,3.7142857142857144,3.6382536382536386
2020-04-08,28140,Kansas City,"Kansas City, MO-KS Metro Area",1105,0.5245339480269928,143,77.85714285714286,40,0.018987654227221464,5,4.142857142857143,3.619909502262444
2020-04-09,28140,Kansas City,"Kansas City, MO-KS Metro Area",1166,0.5534901207235056,61,76.71428571428571,45,0.021361111005624146,5,4.428571428571429,3.8593481989708405
2020-04-10,28140,Kansas City,"Kansas City, MO-KS Metro Area",1256,0.5962123427347538,90,78.42857142857143,50,0.023734567784026828,5,4.285714285714286,3.9808917197452227
2020-04-11,28140,Kansas City,"Kansas City, MO-KS Metro Area",1343,0.6375104906789606,87,79,57,0.027057407273790583,7,5.285714285714286,4.244229337304542
2020-04-12,28140,Kansas City,"Kansas City, MO-KS Metro Area",1399,0.6640932065970705,56,81.85714285714286,58,0.027532098629471115,1,5.142857142857143,4.145818441744103
2020-04-13,28140,Kansas City,"Kansas City, MO-KS Metro Area",1458,0.6920999965822223,59,75.14285714285714,65,0.030854938119234874,7,5.714285714285714,4.458161865569274
2020-04-14,28140,Kansas City,"Kansas City, MO-KS Metro Area",1526,0.7243790087684988,68,80.57142857142857,75,0.03560185167604024,10,5.714285714285714,4.91480996068152
2020-04-15,28140,Kansas City,"Kansas City, MO-KS Metro Area",1592,0.7557086382434142,66,69.57142857142857,79,0.03750061709876239,4,5.571428571428571,4.9623115577889445
2020-04-16,28140,Kansas City,"Kansas City, MO-KS Metro Area",1674,0.794633329409218,82,72.57142857142857,88,0.04177283929988721,9,6.142857142857143,5.256869772998805
2020-04-17,28140,Kansas City,"Kansas City, MO-KS Metro Area",1740,0.8259629588841335,66,69.14285714285714,92,0.04367160472260936,4,6,5.287356321839081
2020-04-18,28140,Kansas City,"Kansas City, MO-KS Metro Area",1784,0.8468493785340772,44,63,95,0.04509567878965097,3,5.428571428571429,5.325112107623318
2020-04-19,28140,Kansas City,"Kansas City, MO-KS Metro Area",1806,0.857292588359049,22,58.142857142857146,102,0.04841851827941472,7,6.285714285714286,5.647840531561462
2020-04-20,28140,Kansas City,"Kansas City, MO-KS Metro Area",1834,0.8705839463181039,28,53.714285714285715,109,0.05174135776917848,7,6.285714285714286,5.9432933478735
2020-04-21,28140,Kansas City,"Kansas City, MO-KS Metro Area",1878,0.8914703659680475,44,50.285714285714285,115,0.0545895059032617,6,5.714285714285714,6.123535676251332
2020-04-22,28140,Kansas City,"Kansas City, MO-KS Metro Area",1962,0.9313444398452126,84,52.857142857142854,119,0.05648827132598385,4,5.714285714285714,6.065239551478084
2020-04-23,28140,Kansas City,"Kansas City, MO-KS Metro Area",2021,0.9593512298303642,59,49.57142857142857,121,0.057437654037344917,2,4.714285714285714,5.9871350816427515
2020-04-24,28140,Kansas City,"Kansas City, MO-KS Metro Area",2089,0.9916302420166407,68,49.857142857142854,125,0.05933641946006706,4,4.714285714285714,5.98372426998564
2020-04-25,28140,Kansas City,"Kansas City, MO-KS Metro Area",2164,1.027232093692681,75,54.285714285714285,127,0.060285802171428135,2,4.571428571428571,5.868761552680222
2020-01-24,44180,Springfield,"Springfield, MO Metro Area",0,0,0,0,0,0,0,0,NaN
2020-01-25,44180,Springfield,"Springfield, MO Metro Area",0,0,0,0,0,0,0,0,NaN
2020-01-26,44180,Springfield,"Springfield, MO Metro Area",0,0,0,0,0,0,0,0,NaN
2020-01-27,44180,Springfield,"Springfield, MO Metro Area",0,0,0,0,0,0,0,0,NaN
2020-01-28,44180,Springfield,"Springfield, MO Metro Area",0,0,0,0,0,0,0,0,NaN
2020-01-29,44180,Springfield,"Springfield, MO Metro Area",0,0,0,0,0,0,0,0,NaN
2020-01-30,44180,Springfield,"Springfield, MO Metro Area",0,0,0,0,0,0,0,0,NaN
2020-01-31,44180,Springfield,"Springfield, MO Metro Area",0,0,0,0,0,0,0,0,NaN
2020-02-01,44180,Springfield,"Springfield, MO Metro Area",0,0,0,0,0,0,0,0,NaN
2020-02-02,44180,Springfield,"Springfield, MO Metro Area",0,0,0,0,0,0,0,0,NaN
2020-02-03,44180,Springfield,"Springfield, MO Metro Area",0,0,0,0,0,0,0,0,NaN
2020-02-04,44180,Springfield,"Springfield, MO Metro Area",0,0,0,0,0,0,0,0,NaN
2020-02-05,44180,Springfield,"Springfield, MO Metro Area",0,0,0,0,0,0,0,0,NaN
2020-02-06,44180,Springfield,"Springfield, MO Metro Area",0,0,0,0,0,0,0,0,NaN
2020-02-07,44180,Springfield,"Springfield, MO Metro Area",0,0,0,0,0,0,0,0,NaN
2020-02-08,44180,Springfield,"Springfield, MO Metro Area",0,0,0,0,0,0,0,0,NaN
2020-02-09,44180,Springfield,"Springfield, MO Metro Area",0,0,0,0,0,0,0,0,NaN
2020-02-10,44180,Springfield,"Springfield, MO Metro Area",0,0,0,0,0,0,0,0,NaN
2020-02-11,44180,Springfield,"Springfield, MO Metro Area",0,0,0,0,0,0,0,0,NaN
2020-02-12,44180,Springfield,"Springfield, MO Metro Area",0,0,0,0,0,0,0,0,NaN
2020-02-13,44180,Springfield,"Springfield, MO Metro Area",0,0,0,0,0,0,0,0,NaN
2020-02-14,44180,Springfield,"Springfield, MO Metro Area",0,0,0,0,0,0,0,0,NaN
2020-02-15,44180,Springfield,"Springfield, MO Metro Area",0,0,0,0,0,0,0,0,NaN
2020-02-16,44180,Springfield,"Springfield, MO Metro Area",0,0,0,0,0,0,0,0,NaN
2020-02-17,44180,Springfield,"Springfield, MO Metro Area",0,0,0,0,0,0,0,0,NaN
2020-02-18,44180,Springfield,"Springfield, MO Metro Area",0,0,0,0,0,0,0,0,NaN
2020-02-19,44180,Springfield,"Springfield, MO Metro Area",0,0,0,0,0,0,0,0,NaN
2020-02-20,44180,Springfield,"Springfield, MO Metro Area",0,0,0,0,0,0,0,0,NaN
2020-02-21,44180,Springfield,"Springfield, MO Metro Area",0,0,0,0,0,0,0,0,NaN
2020-02-22,44180,Springfield,"Springfield, MO Metro Area",0,0,0,0,0,0,0,0,NaN
2020-02-23,44180,Springfield,"Springfield, MO Metro Area",0,0,0,0,0,0,0,0,NaN
2020-02-24,44180,Springfield,"Springfield, MO Metro Area",0,0,0,0,0,0,0,0,NaN
2020-02-25,44180,Springfield,"Springfield, MO Metro Area",0,0,0,0,0,0,0,0,NaN
2020-02-26,44180,Springfield,"Springfield, MO Metro Area",0,0,0,0,0,0,0,0,NaN
2020-02-27,44180,Springfield,"Springfield, MO Metro Area",0,0,0,0,0,0,0,0,NaN
2020-02-28,44180,Springfield,"Springfield, MO Metro Area",0,0,0,0,0,0,0,0,NaN
2020-02-29,44180,Springfield,"Springfield, MO Metro Area",0,0,0,0,0,0,0,0,NaN
2020-03-01,44180,Springfield,"Springfield, MO Metro Area",0,0,0,0,0,0,0,0,NaN
2020-03-02,44180,Springfield,"Springfield, MO Metro Area",0,0,0,0,0,0,0,0,NaN
2020-03-03,44180,Springfield,"Springfield, MO Metro Area",0,0,0,0,0,0,0,0,NaN
2020-03-04,44180,Springfield,"Springfield, MO Metro Area",0,0,0,0,0,0,0,0,NaN
2020-03-05,44180,Springfield,"Springfield, MO Metro Area",0,0,0,0,0,0,0,0,NaN
2020-03-06,44180,Springfield,"Springfield, MO Metro Area",0,0,0,0,0,0,0,0,NaN
2020-03-07,44180,Springfield,"Springfield, MO Metro Area",0,0,0,0,0,0,0,0,NaN
2020-03-08,44180,Springfield,"Springfield, MO Metro Area",0,0,0,0,0,0,0,0,NaN
2020-03-09,44180,Springfield,"Springfield, MO Metro Area",0,0,0,0,0,0,0,0,NaN
2020-03-10,44180,Springfield,"Springfield, MO Metro Area",0,0,0,0,0,0,0,0,NaN
2020-03-11,44180,Springfield,"Springfield, MO Metro Area",0,0,0,0,0,0,0,0,NaN
2020-03-12,44180,Springfield,"Springfield, MO Metro Area",1,0.0021794374436070563,1,0.14285714285714285,0,0,0,0,0
2020-03-13,44180,Springfield,"Springfield, MO Metro Area",1,0.0021794374436070563,0,0.14285714285714285,0,0,0,0,0
2020-03-14,44180,Springfield,"Springfield, MO Metro Area",2,0.0043588748872141125,1,0.2857142857142857,0,0,0,0,0
2020-03-15,44180,Springfield,"Springfield, MO Metro Area",2,0.0043588748872141125,0,0.2857142857142857,0,0,0,0,0
2020-03-16,44180,Springfield,"Springfield, MO Metro Area",3,0.006538312330821168,1,0.42857142857142855,0,0,0,0,0
2020-03-17,44180,Springfield,"Springfield, MO Metro Area",4,0.008717749774428225,1,0.5714285714285714,0,0,0,0,0
2020-03-18,44180,Springfield,"Springfield, MO Metro Area",4,0.008717749774428225,0,0.5714285714285714,0,0,0,0,0
2020-03-19,44180,Springfield,"Springfield, MO Metro Area",6,0.013076624661642337,2,0.7142857142857143,0,0,0,0,0
2020-03-20,44180,Springfield,"Springfield, MO Metro Area",10,0.02179437443607056,4,1.2857142857142858,0,0,0,0,0
2020-03-21,44180,Springfield,"Springfield, MO Metro Area",12,0.026153249323284673,2,1.4285714285714286,0,0,0,0,0
2020-03-22,44180,Springfield,"Springfield, MO Metro Area",12,0.026153249323284673,0,1.4285714285714286,0,0,0,0,0
2020-03-23,44180,Springfield,"Springfield, MO Metro Area",19,0.04140931142853407,7,2.2857142857142856,0,0,0,0,0
2020-03-24,44180,Springfield,"Springfield, MO Metro Area",21,0.04576818631574818,2,2.4285714285714284,1,0.0021794374436070563,1,0.14285714285714285,4.761904761904762
2020-03-25,44180,Springfield,"Springfield, MO Metro Area",25,0.05448593609017641,4,3,3,0.006538312330821168,2,0.42857142857142855,12
2020-03-26,44180,Springfield,"Springfield, MO Metro Area",27,0.05884481097739051,2,3,3,0.006538312330821168,0,0.42857142857142855,11.11111111111111
2020-03-27,44180,Springfield,"Springfield, MO Metro Area",34,0.0741008730826399,7,3.4285714285714284,3,0.006538312330821168,0,0.42857142857142855,8.823529411764707
2020-03-28,44180,Springfield,"Springfield, MO Metro Area",47,0.10243355984953165,13,5,3,0.006538312330821168,0,0.42857142857142855,6.382978723404255
2020-03-29,44180,Springfield,"Springfield, MO Metro Area",48,0.1046129972931387,1,5.142857142857143,3,0.006538312330821168,0,0.42857142857142855,6.25
2020-03-30,44180,Springfield,"Springfield, MO Metro Area",51,0.11115130962395986,3,4.571428571428571,3,0.006538312330821168,0,0.42857142857142855,5.88235294117647
2020-03-31,44180,Springfield,"Springfield, MO Metro Area",62,0.13512512150363748,11,5.857142857142857,3,0.006538312330821168,0,0.2857142857142857,4.838709677419355
2020-04-01,44180,Springfield,"Springfield, MO Metro Area",64,0.1394839963908516,2,5.571428571428571,6,0.013076624661642337,3,0.42857142857142855,9.375
2020-04-02,44180,Springfield,"Springfield, MO Metro Area",68,0.1482017461652798,4,5.857142857142857,6,0.013076624661642337,0,0.42857142857142855,8.823529411764707
2020-04-03,44180,Springfield,"Springfield, MO Metro Area",75,0.16345780827052922,7,5.857142857142857,7,0.015256062105249392,1,0.5714285714285714,9.333333333333334
2020-04-04,44180,Springfield,"Springfield, MO Metro Area",81,0.17653443293217155,6,4.857142857142857,7,0.015256062105249392,0,0.5714285714285714,8.641975308641975
2020-04-05,44180,Springfield,"Springfield, MO Metro Area",80,0.17435499548856448,-1,4.571428571428571,7,0.015256062105249392,0,0.5714285714285714,8.75
2020-04-06,44180,Springfield,"Springfield, MO Metro Area",86,0.1874316201502068,6,5,7,0.015256062105249392,0,0.5714285714285714,8.13953488372093
2020-04-07,44180,Springfield,"Springfield, MO Metro Area",88,0.19179049503742093,2,3.7142857142857144,7,0.015256062105249392,0,0.5714285714285714,7.954545454545454
2020-04-08,44180,Springfield,"Springfield, MO Metro Area",92,0.20050824481184917,4,4,7,0.015256062105249392,0,0.14285714285714285,7.608695652173914
2020-04-09,44180,Springfield,"Springfield, MO Metro Area",93,0.20268768225545622,1,3.5714285714285716,8,0.01743549954885645,1,0.2857142857142857,8.60215053763441
2020-04-10,44180,Springfield,"Springfield, MO Metro Area",92,0.20050824481184917,-1,2.4285714285714284,8,0.01743549954885645,0,0.14285714285714285,8.695652173913043
2020-04-11,44180,Springfield,"Springfield, MO Metro Area",93,0.20268768225545622,1,1.7142857142857142,8,0.01743549954885645,0,0.14285714285714285,8.60215053763441
2020-04-12,44180,Springfield,"Springfield, MO Metro Area",93,0.20268768225545622,0,1.8571428571428572,8,0.01743549954885645,0,0.14285714285714285,8.60215053763441
2020-04-13,44180,Springfield,"Springfield, MO Metro Area",93,0.20268768225545622,0,1,8,0.01743549954885645,0,0.14285714285714285,8.60215053763441
2020-04-14,44180,Springfield,"Springfield, MO Metro Area",98,0.2135848694734915,5,1.4285714285714286,8,0.01743549954885645,0,0.14285714285714285,8.16326530612245
2020-04-15,44180,Springfield,"Springfield, MO Metro Area",102,0.22230261924791972,4,1.4285714285714286,8,0.01743549954885645,0,0.14285714285714285,7.8431372549019605
2020-04-16,44180,Springfield,"Springfield, MO Metro Area",104,0.22666149413513384,2,1.5714285714285714,8,0.01743549954885645,0,0,7.6923076923076925
2020-04-17,44180,Springfield,"Springfield, MO Metro Area",107,0.233199806465955,3,2.142857142857143,8,0.01743549954885645,0,0,7.476635514018691
2020-04-18,44180,Springfield,"Springfield, MO Metro Area",110,0.23973811879677617,3,2.4285714285714284,8,0.01743549954885645,0,0,7.2727272727272725
2020-04-19,44180,Springfield,"Springfield, MO Metro Area",110,0.23973811879677617,0,2.4285714285714284,8,0.01743549954885645,0,0,7.2727272727272725
2020-04-20,44180,Springfield,"Springfield, MO Metro Area",114,0.24845586857120439,4,3,8,0.01743549954885645,0,0,7.017543859649122
2020-04-21,44180,Springfield,"Springfield, MO Metro Area",113,0.24627643112759734,-1,2.142857142857143,8,0.01743549954885645,0,0,7.079646017699115
2020-04-22,44180,Springfield,"Springfield, MO Metro Area",115,0.25063530601481143,2,1.8571428571428572,8,0.01743549954885645,0,0,6.956521739130435
2020-04-23,44180,Springfield,"Springfield, MO Metro Area",114,0.24845586857120439,-1,1.4285714285714286,8,0.01743549954885645,0,0,7.017543859649122
2020-04-24,44180,Springfield,"Springfield, MO Metro Area",116,0.2528147434584185,2,1.2857142857142858,8,0.01743549954885645,0,0,6.896551724137931
2020-04-25,44180,Springfield,"Springfield, MO Metro Area",126,0.27460911789448905,10,2.2857142857142856,8,0.01743549954885645,0,0,6.349206349206349
2020-01-24,41140,St. Joseph,"St. Joseph, MO-KS Metro Area",0,0,0,0,0,0,0,0,NaN
2020-01-25,41140,St. Joseph,"St. Joseph, MO-KS Metro Area",0,0,0,0,0,0,0,0,NaN
2020-01-26,41140,St. Joseph,"St. Joseph, MO-KS Metro Area",0,0,0,0,0,0,0,0,NaN
2020-01-27,41140,St. Joseph,"St. Joseph, MO-KS Metro Area",0,0,0,0,0,0,0,0,NaN
2020-01-28,41140,St. Joseph,"St. Joseph, MO-KS Metro Area",0,0,0,0,0,0,0,0,NaN
2020-01-29,41140,St. Joseph,"St. Joseph, MO-KS Metro Area",0,0,0,0,0,0,0,0,NaN
2020-01-30,41140,St. Joseph,"St. Joseph, MO-KS Metro Area",0,0,0,0,0,0,0,0,NaN
2020-01-31,41140,St. Joseph,"St. Joseph, MO-KS Metro Area",0,0,0,0,0,0,0,0,NaN
2020-02-01,41140,St. Joseph,"St. Joseph, MO-KS Metro Area",0,0,0,0,0,0,0,0,NaN
2020-02-02,41140,St. Joseph,"St. Joseph, MO-KS Metro Area",0,0,0,0,0,0,0,0,NaN
2020-02-03,41140,St. Joseph,"St. Joseph, MO-KS Metro Area",0,0,0,0,0,0,0,0,NaN
2020-02-04,41140,St. Joseph,"St. Joseph, MO-KS Metro Area",0,0,0,0,0,0,0,0,NaN
2020-02-05,41140,St. Joseph,"St. Joseph, MO-KS Metro Area",0,0,0,0,0,0,0,0,NaN
2020-02-06,41140,St. Joseph,"St. Joseph, MO-KS Metro Area",0,0,0,0,0,0,0,0,NaN
2020-02-07,41140,St. Joseph,"St. Joseph, MO-KS Metro Area",0,0,0,0,0,0,0,0,NaN
2020-02-08,41140,St. Joseph,"St. Joseph, MO-KS Metro Area",0,0,0,0,0,0,0,0,NaN
2020-02-09,41140,St. Joseph,"St. Joseph, MO-KS Metro Area",0,0,0,0,0,0,0,0,NaN
2020-02-10,41140,St. Joseph,"St. Joseph, MO-KS Metro Area",0,0,0,0,0,0,0,0,NaN
2020-02-11,41140,St. Joseph,"St. Joseph, MO-KS Metro Area",0,0,0,0,0,0,0,0,NaN
2020-02-12,41140,St. Joseph,"St. Joseph, MO-KS Metro Area",0,0,0,0,0,0,0,0,NaN
2020-02-13,41140,St. Joseph,"St. Joseph, MO-KS Metro Area",0,0,0,0,0,0,0,0,NaN
2020-02-14,41140,St. Joseph,"St. Joseph, MO-KS Metro Area",0,0,0,0,0,0,0,0,NaN
2020-02-15,41140,St. Joseph,"St. Joseph, MO-KS Metro Area",0,0,0,0,0,0,0,0,NaN
2020-02-16,41140,St. Joseph,"St. Joseph, MO-KS Metro Area",0,0,0,0,0,0,0,0,NaN
2020-02-17,41140,St. Joseph,"St. Joseph, MO-KS Metro Area",0,0,0,0,0,0,0,0,NaN
2020-02-18,41140,St. Joseph,"St. Joseph, MO-KS Metro Area",0,0,0,0,0,0,0,0,NaN
2020-02-19,41140,St. Joseph,"St. Joseph, MO-KS Metro Area",0,0,0,0,0,0,0,0,NaN
2020-02-20,41140,St. Joseph,"St. Joseph, MO-KS Metro Area",0,0,0,0,0,0,0,0,NaN
2020-02-21,41140,St. Joseph,"St. Joseph, MO-KS Metro Area",0,0,0,0,0,0,0,0,NaN
2020-02-22,41140,St. Joseph,"St. Joseph, MO-KS Metro Area",0,0,0,0,0,0,0,0,NaN
2020-02-23,41140,St. Joseph,"St. Joseph, MO-KS Metro Area",0,0,0,0,0,0,0,0,NaN
2020-02-24,41140,St. Joseph,"St. Joseph, MO-KS Metro Area",0,0,0,0,0,0,0,0,NaN
2020-02-25,41140,St. Joseph,"St. Joseph, MO-KS Metro Area",0,0,0,0,0,0,0,0,NaN
2020-02-26,41140,St. Joseph,"St. Joseph, MO-KS Metro Area",0,0,0,0,0,0,0,0,NaN
2020-02-27,41140,St. Joseph,"St. Joseph, MO-KS Metro Area",0,0,0,0,0,0,0,0,NaN
2020-02-28,41140,St. Joseph,"St. Joseph, MO-KS Metro Area",0,0,0,0,0,0,0,0,NaN
2020-02-29,41140,St. Joseph,"St. Joseph, MO-KS Metro Area",0,0,0,0,0,0,0,0,NaN
2020-03-01,41140,St. Joseph,"St. Joseph, MO-KS Metro Area",0,0,0,0,0,0,0,0,NaN
2020-03-02,41140,St. Joseph,"St. Joseph, MO-KS Metro Area",0,0,0,0,0,0,0,0,NaN
2020-03-03,41140,St. Joseph,"St. Joseph, MO-KS Metro Area",0,0,0,0,0,0,0,0,NaN
2020-03-04,41140,St. Joseph,"St. Joseph, MO-KS Metro Area",0,0,0,0,0,0,0,0,NaN
2020-03-05,41140,St. Joseph,"St. Joseph, MO-KS Metro Area",0,0,0,0,0,0,0,0,NaN
2020-03-06,41140,St. Joseph,"St. Joseph, MO-KS Metro Area",0,0,0,0,0,0,0,0,NaN
2020-03-07,41140,St. Joseph,"St. Joseph, MO-KS Metro Area",0,0,0,0,0,0,0,0,NaN
2020-03-08,41140,St. Joseph,"St. Joseph, MO-KS Metro Area",0,0,0,0,0,0,0,0,NaN
2020-03-09,41140,St. Joseph,"St. Joseph, MO-KS Metro Area",0,0,0,0,0,0,0,0,NaN
2020-03-10,41140,St. Joseph,"St. Joseph, MO-KS Metro Area",0,0,0,0,0,0,0,0,NaN
2020-03-11,41140,St. Joseph,"St. Joseph, MO-KS Metro Area",0,0,0,0,0,0,0,0,NaN
2020-03-12,41140,St. Joseph,"St. Joseph, MO-KS Metro Area",0,0,0,0,0,0,0,0,NaN
2020-03-13,41140,St. Joseph,"St. Joseph, MO-KS Metro Area",0,0,0,0,0,0,0,0,NaN
2020-03-14,41140,St. Joseph,"St. Joseph, MO-KS Metro Area",0,0,0,0,0,0,0,0,NaN
2020-03-15,41140,St. Joseph,"St. Joseph, MO-KS Metro Area",0,0,0,0,0,0,0,0,NaN
2020-03-16,41140,St. Joseph,"St. Joseph, MO-KS Metro Area",0,0,0,0,0,0,0,0,NaN
2020-03-17,41140,St. Joseph,"St. Joseph, MO-KS Metro Area",0,0,0,0,0,0,0,0,NaN
2020-03-18,41140,St. Joseph,"St. Joseph, MO-KS Metro Area",0,0,0,0,0,0,0,0,NaN
2020-03-19,41140,St. Joseph,"St. Joseph, MO-KS Metro Area",0,0,0,0,0,0,0,0,NaN
2020-03-20,41140,St. Joseph,"St. Joseph, MO-KS Metro Area",0,0,0,0,0,0,0,0,NaN
2020-03-21,41140,St. Joseph,"St. Joseph, MO-KS Metro Area",0,0,0,0,0,0,0,0,NaN
2020-03-22,41140,St. Joseph,"St. Joseph, MO-KS Metro Area",0,0,0,0,0,0,0,0,NaN
2020-03-23,41140,St. Joseph,"St. Joseph, MO-KS Metro Area",0,0,0,0,0,0,0,0,NaN
2020-03-24,41140,St. Joseph,"St. Joseph, MO-KS Metro Area",1,0.007887741660685128,1,0.14285714285714285,0,0,0,0,0
2020-03-25,41140,St. Joseph,"St. Joseph, MO-KS Metro Area",1,0.007887741660685128,0,0.14285714285714285,0,0,0,0,0
2020-03-26,41140,St. Joseph,"St. Joseph, MO-KS Metro Area",1,0.007887741660685128,0,0.14285714285714285,0,0,0,0,0
2020-03-27,41140,St. Joseph,"St. Joseph, MO-KS Metro Area",3,0.02366322498205539,2,0.42857142857142855,0,0,0,0,0
2020-03-28,41140,St. Joseph,"St. Joseph, MO-KS Metro Area",4,0.03155096664274051,1,0.5714285714285714,0,0,0,0,0
2020-03-29,41140,St. Joseph,"St. Joseph, MO-KS Metro Area",4,0.03155096664274051,0,0.5714285714285714,0,0,0,0,0
2020-03-30,41140,St. Joseph,"St. Joseph, MO-KS Metro Area",4,0.03155096664274051,0,0.5714285714285714,0,0,0,0,0
2020-03-31,41140,St. Joseph,"St. Joseph, MO-KS Metro Area",6,0.04732644996411078,2,0.7142857142857143,0,0,0,0,0
2020-04-01,41140,St. Joseph,"St. Joseph, MO-KS Metro Area",7,0.055214191624795905,1,0.8571428571428571,0,0,0,0,0
2020-04-02,41140,St. Joseph,"St. Joseph, MO-KS Metro Area",7,0.055214191624795905,0,0.8571428571428571,0,0,0,0,0
2020-04-03,41140,St. Joseph,"St. Joseph, MO-KS Metro Area",10,0.0788774166068513,3,1,0,0,0,0,0
2020-04-04,41140,St. Joseph,"St. Joseph, MO-KS Metro Area",10,0.0788774166068513,0,0.8571428571428571,0,0,0,0,0
2020-04-05,41140,St. Joseph,"St. Joseph, MO-KS Metro Area",10,0.0788774166068513,0,0.8571428571428571,0,0,0,0,0
2020-04-06,41140,St. Joseph,"St. Joseph, MO-KS Metro Area",13,0.10254064158890668,3,1.2857142857142858,0,0,0,0,0
2020-04-07,41140,St. Joseph,"St. Joseph, MO-KS Metro Area",16,0.12620386657096205,3,1.4285714285714286,0,0,0,0,0
2020-04-08,41140,St. Joseph,"St. Joseph, MO-KS Metro Area",19,0.14986709155301745,3,1.7142857142857142,0,0,0,0,0
2020-04-09,41140,St. Joseph,"St. Joseph, MO-KS Metro Area",21,0.1656425748743877,2,2,1,0.007887741660685128,1,0.14285714285714285,4.761904761904762
2020-04-10,41140,St. Joseph,"St. Joseph, MO-KS Metro Area",24,0.1893057998564431,3,2,1,0.007887741660685128,0,0.14285714285714285,4.166666666666666
2020-04-11,41140,St. Joseph,"St. Joseph, MO-KS Metro Area",25,0.19719354151712823,1,2.142857142857143,1,0.007887741660685128,0,0.14285714285714285,4
2020-04-12,41140,St. Joseph,"St. Joseph, MO-KS Metro Area",25,0.19719354151712823,0,2.142857142857143,1,0.007887741660685128,0,0.14285714285714285,4
2020-04-13,41140,St. Joseph,"St. Joseph, MO-KS Metro Area",27,0.2129690248384985,2,2,1,0.007887741660685128,0,0.14285714285714285,3.7037037037037033
2020-04-14,41140,St. Joseph,"St. Joseph, MO-KS Metro Area",27,0.2129690248384985,0,1.5714285714285714,1,0.007887741660685128,0,0.14285714285714285,3.7037037037037033
2020-04-15,41140,St. Joseph,"St. Joseph, MO-KS Metro Area",31,0.244519991481239,4,1.7142857142857142,1,0.007887741660685128,0,0.14285714285714285,3.225806451612903
2020-04-16,41140,St. Joseph,"St. Joseph, MO-KS Metro Area",31,0.244519991481239,0,1.4285714285714286,1,0.007887741660685128,0,0,3.225806451612903
2020-04-17,41140,St. Joseph,"St. Joseph, MO-KS Metro Area",33,0.26029547480260923,2,1.2857142857142858,1,0.007887741660685128,0,0,3.0303030303030303
2020-04-18,41140,St. Joseph,"St. Joseph, MO-KS Metro Area",35,0.2760709581239795,2,1.4285714285714286,1,0.007887741660685128,0,0,2.857142857142857
2020-04-19,41140,St. Joseph,"St. Joseph, MO-KS Metro Area",36,0.28395869978466465,1,1.5714285714285714,1,0.007887741660685128,0,0,2.7777777777777777
2020-04-20,41140,St. Joseph,"St. Joseph, MO-KS Metro Area",37,0.29184644144534977,1,1.4285714285714286,1,0.007887741660685128,0,0,2.7027027027027026
2020-04-21,41140,St. Joseph,"St. Joseph, MO-KS Metro Area",38,0.2997341831060349,1,1.5714285714285714,1,0.007887741660685128,0,0,2.631578947368421
2020-04-22,41140,St. Joseph,"St. Joseph, MO-KS Metro Area",42,0.3312851497487754,4,1.5714285714285714,1,0.007887741660685128,0,0,2.380952380952381
2020-04-23,41140,St. Joseph,"St. Joseph, MO-KS Metro Area",50,0.39438708303425646,8,2.7142857142857144,1,0.007887741660685128,0,0,2
2020-04-24,41140,St. Joseph,"St. Joseph, MO-KS Metro Area",55,0.4338257913376821,5,3.142857142857143,1,0.007887741660685128,0,0,1.8181818181818181
2020-04-25,41140,St. Joseph,"St. Joseph, MO-KS Metro Area",55,0.4338257913376821,0,2.857142857142857,1,0.007887741660685128,0,0,1.8181818181818181
2020-01-24,41180,St. Louis,"St. Louis, MO-IL Metro Area",0,0,0,0,0,0,0,0,NaN
2020-01-25,41180,St. Louis,"St. Louis, MO-IL Metro Area",0,0,0,0,0,0,0,0,NaN
2020-01-26,41180,St. Louis,"St. Louis, MO-IL Metro Area",0,0,0,0,0,0,0,0,NaN
2020-01-27,41180,St. Louis,"St. Louis, MO-IL Metro Area",0,0,0,0,0,0,0,0,NaN
2020-01-28,41180,St. Louis,"St. Louis, MO-IL Metro Area",0,0,0,0,0,0,0,0,NaN
2020-01-29,41180,St. Louis,"St. Louis, MO-IL Metro Area",0,0,0,0,0,0,0,0,NaN
2020-01-30,41180,St. Louis,"St. Louis, MO-IL Metro Area",0,0,0,0,0,0,0,0,NaN
2020-01-31,41180,St. Louis,"St. Louis, MO-IL Metro Area",0,0,0,0,0,0,0,0,NaN
2020-02-01,41180,St. Louis,"St. Louis, MO-IL Metro Area",0,0,0,0,0,0,0,0,NaN
2020-02-02,41180,St. Louis,"St. Louis, MO-IL Metro Area",0,0,0,0,0,0,0,0,NaN
2020-02-03,41180,St. Louis,"St. Louis, MO-IL Metro Area",0,0,0,0,0,0,0,0,NaN
2020-02-04,41180,St. Louis,"St. Louis, MO-IL Metro Area",0,0,0,0,0,0,0,0,NaN
2020-02-05,41180,St. Louis,"St. Louis, MO-IL Metro Area",0,0,0,0,0,0,0,0,NaN
2020-02-06,41180,St. Louis,"St. Louis, MO-IL Metro Area",0,0,0,0,0,0,0,0,NaN
2020-02-07,41180,St. Louis,"St. Louis, MO-IL Metro Area",0,0,0,0,0,0,0,0,NaN
2020-02-08,41180,St. Louis,"St. Louis, MO-IL Metro Area",0,0,0,0,0,0,0,0,NaN
2020-02-09,41180,St. Louis,"St. Louis, MO-IL Metro Area",0,0,0,0,0,0,0,0,NaN
2020-02-10,41180,St. Louis,"St. Louis, MO-IL Metro Area",0,0,0,0,0,0,0,0,NaN
2020-02-11,41180,St. Louis,"St. Louis, MO-IL Metro Area",0,0,0,0,0,0,0,0,NaN
2020-02-12,41180,St. Louis,"St. Louis, MO-IL Metro Area",0,0,0,0,0,0,0,0,NaN
2020-02-13,41180,St. Louis,"St. Louis, MO-IL Metro Area",0,0,0,0,0,0,0,0,NaN
2020-02-14,41180,St. Louis,"St. Louis, MO-IL Metro Area",0,0,0,0,0,0,0,0,NaN
2020-02-15,41180,St. Louis,"St. Louis, MO-IL Metro Area",0,0,0,0,0,0,0,0,NaN
2020-02-16,41180,St. Louis,"St. Louis, MO-IL Metro Area",0,0,0,0,0,0,0,0,NaN
2020-02-17,41180,St. Louis,"St. Louis, MO-IL Metro Area",0,0,0,0,0,0,0,0,NaN
2020-02-18,41180,St. Louis,"St. Louis, MO-IL Metro Area",0,0,0,0,0,0,0,0,NaN
2020-02-19,41180,St. Louis,"St. Louis, MO-IL Metro Area",0,0,0,0,0,0,0,0,NaN
2020-02-20,41180,St. Louis,"St. Louis, MO-IL Metro Area",0,0,0,0,0,0,0,0,NaN
2020-02-21,41180,St. Louis,"St. Louis, MO-IL Metro Area",0,0,0,0,0,0,0,0,NaN
2020-02-22,41180,St. Louis,"St. Louis, MO-IL Metro Area",0,0,0,0,0,0,0,0,NaN
2020-02-23,41180,St. Louis,"St. Louis, MO-IL Metro Area",0,0,0,0,0,0,0,0,NaN
2020-02-24,41180,St. Louis,"St. Louis, MO-IL Metro Area",0,0,0,0,0,0,0,0,NaN
2020-02-25,41180,St. Louis,"St. Louis, MO-IL Metro Area",0,0,0,0,0,0,0,0,NaN
2020-02-26,41180,St. Louis,"St. Louis, MO-IL Metro Area",0,0,0,0,0,0,0,0,NaN
2020-02-27,41180,St. Louis,"St. Louis, MO-IL Metro Area",0,0,0,0,0,0,0,0,NaN
2020-02-28,41180,St. Louis,"St. Louis, MO-IL Metro Area",0,0,0,0,0,0,0,0,NaN
2020-02-29,41180,St. Louis,"St. Louis, MO-IL Metro Area",0,0,0,0,0,0,0,0,NaN
2020-03-01,41180,St. Louis,"St. Louis, MO-IL Metro Area",0,0,0,0,0,0,0,0,NaN
2020-03-02,41180,St. Louis,"St. Louis, MO-IL Metro Area",0,0,0,0,0,0,0,0,NaN
2020-03-03,41180,St. Louis,"St. Louis, MO-IL Metro Area",0,0,0,0,0,0,0,0,NaN
2020-03-04,41180,St. Louis,"St. Louis, MO-IL Metro Area",0,0,0,0,0,0,0,0,NaN
2020-03-05,41180,St. Louis,"St. Louis, MO-IL Metro Area",0,0,0,0,0,0,0,0,NaN
2020-03-06,41180,St. Louis,"St. Louis, MO-IL Metro Area",0,0,0,0,0,0,0,0,NaN
2020-03-07,41180,St. Louis,"St. Louis, MO-IL Metro Area",1,3.564362223320838e-4,1,0.14285714285714285,0,0,0,0,0
2020-03-08,41180,St. Louis,"St. Louis, MO-IL Metro Area",1,3.564362223320838e-4,0,0.14285714285714285,0,0,0,0,0
2020-03-09,41180,St. Louis,"St. Louis, MO-IL Metro Area",1,3.564362223320838e-4,0,0.14285714285714285,0,0,0,0,0
2020-03-10,41180,St. Louis,"St. Louis, MO-IL Metro Area",1,3.564362223320838e-4,0,0.14285714285714285,0,0,0,0,0
2020-03-11,41180,St. Louis,"St. Louis, MO-IL Metro Area",1,3.564362223320838e-4,0,0.14285714285714285,0,0,0,0,0
2020-03-12,41180,St. Louis,"St. Louis, MO-IL Metro Area",1,3.564362223320838e-4,0,0.14285714285714285,0,0,0,0,0
2020-03-13,41180,St. Louis,"St. Louis, MO-IL Metro Area",2,7.128724446641676e-4,1,0.2857142857142857,0,0,0,0,0
2020-03-14,41180,St. Louis,"St. Louis, MO-IL Metro Area",4,0.0014257448893283352,2,0.42857142857142855,0,0,0,0,0
2020-03-15,41180,St. Louis,"St. Louis, MO-IL Metro Area",5,0.0017821811116604188,1,0.5714285714285714,0,0,0,0,0
2020-03-16,41180,St. Louis,"St. Louis, MO-IL Metro Area",7,0.0024950535563245863,2,0.8571428571428571,0,0,0,0,0
2020-03-17,41180,St. Louis,"St. Louis, MO-IL Metro Area",9,0.003207926000988754,2,1.1428571428571428,0,0,0,0,0
2020-03-18,41180,St. Louis,"St. Louis, MO-IL Metro Area",15,0.005346543334981257,6,2,0,0,0,0,0
2020-03-19,41180,St. Louis,"St. Louis, MO-IL Metro Area",23,0.008198033113637928,8,3.142857142857143,0,0,0,0,0
2020-03-20,41180,St. Louis,"St. Louis, MO-IL Metro Area",29,0.01033665044763043,6,3.857142857142857,1,3.564362223320838e-4,1,0.14285714285714285,3.4482758620689653
2020-03-21,41180,St. Louis,"St. Louis, MO-IL Metro Area",43,0.015326757560279602,14,5.571428571428571,1,3.564362223320838e-4,0,0.14285714285714285,2.3255813953488373
2020-03-22,41180,St. Louis,"St. Louis, MO-IL Metro Area",80,0.0285148977865667,37,10.714285714285714,1,3.564362223320838e-4,0,0.14285714285714285,1.25
2020-03-23,41180,St. Louis,"St. Louis, MO-IL Metro Area",98,0.03493074978854421,18,13,2,7.128724446641676e-4,1,0.2857142857142857,2.0408163265306123
2020-03-24,41180,St. Louis,"St. Louis, MO-IL Metro Area",106,0.03778223956720088,8,13.857142857142858,2,7.128724446641676e-4,0,0.2857142857142857,1.8867924528301887
2020-03-25,41180,St. Louis,"St. Louis, MO-IL Metro Area",224,0.07984171380238676,118,29.857142857142858,3,0.0010693086669962514,1,0.42857142857142855,1.3392857142857142
2020-03-26,41180,St. Louis,"St. Louis, MO-IL Metro Area",305,0.10871304781128556,81,40.285714285714285,3,0.0010693086669962514,0,0.42857142857142855,0.9836065573770493
2020-03-27,41180,St. Louis,"St. Louis, MO-IL Metro Area",403,0.14364379759982976,98,53.42857142857143,5,0.0017821811116604188,2,0.5714285714285714,1.240694789081886
2020-03-28,41180,St. Louis,"St. Louis, MO-IL Metro Area",505,0.1800002922777023,102,66,6,0.0021386173339925027,1,0.7142857142857143,1.188118811881188
2020-03-29,41180,St. Louis,"St. Louis, MO-IL Metro Area",557,0.19853497583897065,52,68.14285714285714,8,0.0028514897786566704,2,1,1.436265709156194
2020-03-30,41180,St. Louis,"St. Louis, MO-IL Metro Area",616,0.2195647129565636,59,74,8,0.0028514897786566704,0,0.8571428571428571,1.2987012987012987
2020-03-31,41180,St. Louis,"St. Louis, MO-IL Metro Area",849,0.30261435275993914,233,106.14285714285714,9,0.003207926000988754,1,1,1.0600706713780919
2020-04-01,41180,St. Louis,"St. Louis, MO-IL Metro Area",884,0.31508962054156203,35,94.28571428571429,9,0.003207926000988754,0,0.8571428571428571,1.0180995475113122
2020-04-02,41180,St. Louis,"St. Louis, MO-IL Metro Area",1218,0.434139318800478,334,130.42857142857142,16,0.005702979557313341,7,1.8571428571428572,1.3136288998357963
2020-04-03,41180,St. Louis,"St. Louis, MO-IL Metro Area",1418,0.5054265632668948,200,145,21,0.0074851606689737595,5,2.2857142857142856,1.4809590973201692
2020-04-04,41180,St. Louis,"St. Louis, MO-IL Metro Area",1564,0.5574662517273791,146,151.28571428571428,28,0.009980214225298345,7,3.142857142857143,1.7902813299232736
2020-04-05,41180,St. Louis,"St. Louis, MO-IL Metro Area",1625,0.5792088612896362,61,152.57142857142858,35,0.012475267781622933,7,3.857142857142857,2.1538461538461537
2020-04-06,41180,St. Louis,"St. Louis, MO-IL Metro Area",1899,0.6768723862086271,274,183.28571428571428,36,0.012831704003955016,1,4,1.8957345971563981
2020-04-07,41180,St. Louis,"St. Louis, MO-IL Metro Area",2193,0.7816646355742597,294,192,55,0.019603992228264606,19,6.571428571428571,2.5079799361605106
2020-04-08,41180,St. Louis,"St. Louis, MO-IL Metro Area",2450,0.8732687447136053,257,223.71428571428572,60,0.021386173339925027,5,7.285714285714286,2.4489795918367347
2020-04-09,41180,St. Louis,"St. Louis, MO-IL Metro Area",2683,0.9563183845169808,233,209.28571428571428,65,0.023168354451585445,5,7,2.422661200149087
2020-04-10,41180,St. Louis,"St. Louis, MO-IL Metro Area",2902,1.034377917207707,219,212,76,0.02708915289723837,11,7.857142857142857,2.6188835286009646
2020-04-11,41180,St. Louis,"St. Louis, MO-IL Metro Area",3081,1.0981800010051501,179,216.71428571428572,87,0.031009951342891293,11,8.428571428571429,2.8237585199610513
2020-04-12,41180,St. Louis,"St. Louis, MO-IL Metro Area",3218,1.1470117634646455,137,227.57142857142858,88,0.03136638756522338,1,7.571428571428571,2.7346177750155376
2020-04-13,41180,St. Louis,"St. Louis, MO-IL Metro Area",3388,1.2076059212611,170,212.71428571428572,106,0.03778223956720088,18,10,3.128689492325856
2020-04-14,41180,St. Louis,"St. Louis, MO-IL Metro Area",3639,1.297071413066453,251,206.57142857142858,115,0.040990165568189636,9,8.571428571428571,3.1602088485847757
2020-04-15,41180,St. Louis,"St. Louis, MO-IL Metro Area",3782,1.3480417928599409,143,190.28571428571428,130,0.04633670890317089,15,10,3.437334743521946
2020-04-16,41180,St. Louis,"St. Louis, MO-IL Metro Area",3936,1.4029329710990817,154,179,140,0.04990107112649173,10,10.714285714285714,3.556910569105691
2020-04-17,41180,St. Louis,"St. Louis, MO-IL Metro Area",4068,1.4499825524469168,132,166.57142857142858,158,0.05631692312846923,18,11.714285714285714,3.8839724680432646
2020-04-18,41180,St. Louis,"St. Louis, MO-IL Metro Area",4288,1.5283985213599751,220,172.42857142857142,167,0.05952484912945799,9,11.428571428571429,3.8945895522388057
2020-04-19,41180,St. Louis,"St. Louis, MO-IL Metro Area",4424,1.5768738475971387,136,172.28571428571428,173,0.061663466463450486,6,12.142857142857142,3.9104882459312837
2020-04-20,41180,St. Louis,"St. Louis, MO-IL Metro Area",4559,1.62499273761197,135,167.28571428571428,178,0.06344564757511091,5,10.285714285714286,3.904364992322878
2020-04-21,41180,St. Louis,"St. Louis, MO-IL Metro Area",4671,1.6649135945131635,112,147.42857142857142,200,0.07128724446641675,22,12.142857142857142,4.281738385784629
2020-04-22,41180,St. Louis,"St. Louis, MO-IL Metro Area",4881,1.739765201202901,210,157,217,0.07734666024606218,17,12.428571428571429,4.44581028477771
2020-04-23,41180,St. Louis,"St. Louis, MO-IL Metro Area",5006,1.7843197289944115,125,152.85714285714286,227,0.08091102246938302,10,12.428571428571429,4.534558529764283
2020-04-24,41180,St. Louis,"St. Louis, MO-IL Metro Area",5285,1.8837654350250628,279,173.85714285714286,248,0.08839618313835677,21,12.857142857142858,4.692526017029328
2020-04-25,41180,St. Louis,"St. Louis, MO-IL Metro Area",5545,1.9764388528314045,260,179.57142857142858,271,0.09659421625199471,23,14.857142857142858,4.8872858431018935
